Workbook

Sheet FOB
B1: VER 2/2026 | D1: FORMULÁRIO PEDIDO DISTRIBUIÇÃO D CORP (FOB) | F1: Vigência | H1: 46235
B2: Razão Social: | E2: CNPJ:
B3: I.E e I.M: | E3: CEP:
B4: Endereço: | E4: Instagram:
B5: Horário de entrega: | E5: Data Aniversario:
B6: Bairro: | E6: Cidade e Estado:
B7: Tel e Cel: | E7: E-mail:
B8: Selecione ao lado a tabela a vista ou a prazo | D8: A VISTA
B9: Vendedor:
F11: PRODUTOS
F12: TOTAL A PRAZO | G12: =E201 -> 0
F13: TOTAL A VISTA | G13: =E203 -> 0
B14: LANÇAMENTOS
P15: PEDIDOS ACIMA DE R$ 5.000,00
B16: CÓDIGO | C16: COD. DE BARRAS | D16: Máquinas de Tosa Propetz | E16: QUANTIDADE | F16: VALOR A PRAZO | G16: IPI | H16: VALOR COM IPI | I16: TOTAL S/ IPI | J16: TOTAL PRODUTOS | K16: VALOR A VISTA | L16: VALOR C/ IPI | M16: TOTAL S/ IPI | N16: TOTAL PRODUTOS | P16: VALOR A PRAZO | Q16: VALOR A VISTA | R16: PROMO A PRAZO | S16: PRAZO PROMO + IPI | T16: FOB A PRAZO COM IPI | U16: DIF IPI A PRAZO | V16: FOB A VISTA S/ IPI | W16: DIF IPI A VISTA | X16: FOB A VISTA C/ IPI | Y16: TOTAL A VISTA | Z16: TOTAL PROMO S/ DESC | AA16: VALOR DESC | AB16: TOTAL PROMO A PRAZO | AC16: TOTAL PROMO A VISTA | AD16: DESCONTO PROMO
B17: MP3-CF1X-100 | C17: 7898670766103 | D17: Máquina De Tosa PLUMA Propetz VERDE Profissional, Bivolt | E17: 0 | F17: =IF($D$8="A VISTA",Planilha2!B3,Planilha2!B3) -> 699 | G17: 0.13 | H17: =IFERROR(F17*(1+G17),#REF!) -> 789.87 | I17: =F17*E17 -> 0 | J17: =SUM(E17*H17) -> 0 | K17: =Planilha2!C3 -> 664.05 | L17: =K17*G17+K17 -> 750.3765 | M17: =K17*E17 -> 0 | N17: =L17*E17 -> 0 | P17: =F17 -> 699 | Q17: =K17 -> 664.05 | R17: =F17 -> 699 | S17: =H17 -> 789.87 | T17: =J17 -> 0 | U17: =R17*5% -> 34.95 | V17: =R17-U17 -> 664.05 | W17: =S17*5% -> 39.4935 | X17: =L17 -> 750.3765 | Y17: =X17*E17 -> 0 | Z17: 0 | AA17: =Z19*5% -> 0 | AB17: =S17*E17 -> 0 | AC17: =X17*E17 -> 0 | AD17: 0
B18: MP3-SF2X-100 | C18: 7898670767308 | D18: Máquina de tosa Pluma EVOLUTION SEM FIO Propetz verde profissional, bivolt | E18: 0 | F18: =IF($D$8="A VISTA",Planilha2!B12,Planilha2!B12) -> 940.5 | G18: 0.13 | H18: =IFERROR(F18*(1+G18),#REF!) -> 1062.765 | J18: =SUM(E18*H18) -> 0 | K18: =Planilha2!C12 -> 893.475 | L18: =K18*G18+K18 -> 1009.6268 | M18: =K18*E18 -> 0 | N18: =L18*E18 -> 0 | R18: =F18 -> 940.5 | S18: =H18 -> 1062.765 | T18: =J18 -> 0 | U18: =R18*5% -> 47.025 | V18: =R18-U18 -> 893.475 | W18: =S18*5% -> 53.13825 | X18: =L18 -> 1009.6268 | Y18: =X18*E18 -> 0 | Z18: =S18*E18 -> 0 | AA18: =Z18*5% -> 0 | AB18: =S18*E18 -> 0 | AC18: =X18*E18 -> 0
B19: MP4-SF1P-100 | C19: 7898670766110 | D19: Máquina De Tosa VOLARE Propetz SEM FIO Profissional, Bivolt | E19: 0 | F19: =IF($D$8="A VISTA",Planilha2!B4,Planilha2!B4) -> 1251 | G19: 0.13 | H19: =IFERROR(F19*(1+G19),#REF!) -> 1413.63 | I19: =F19*E19 -> 0 | J19: =SUM(E19*H19) -> 0 | K19: =Planilha2!C4 -> 1188.45 | L19: =K19*G19+K19 -> 1342.9485 | M19: =K19*E19 -> 0 | N19: =L19*E19 -> 0 | P19: =F19 -> 1251 | Q19: =K19 -> 1188.45 | R19: =F19 -> 1251 | S19: =H19 -> 1413.63 | T19: =J19 -> 0 | U19: =R19*5% -> 62.55 | V19: =R19-U19 -> 1188.45 | W19: =S19*5% -> 70.6815 | X19: =L19 -> 1342.9485 | Y19: =X19*E19 -> 0 | Z19: 0 | AA19: =Z20*5% -> 0 | AB19: =S19*E19 -> 0 | AC19: =X19*E19 -> 0 | AD19: =X19-AB19 -> 1342.9485
B20: MP5-510P-100 | C20: 7898670766127 | D20: Máquina De Tosa PRO7 Propetz PRETA - 5 em 1, Bivolt | E20: 0 | F20: =IF($D$8="A VISTA",Planilha2!B5,Planilha2!B5) -> 479.61 | G20: 0.13 | H20: =IFERROR(F20*(1+G20),#REF!) -> 541.9593 | I20: =F20*E20 -> 0 | J20: =SUM(E20*H20) -> 0 | K20: =Planilha2!C5 -> 455.6295 | L20: =K20*G20+K20 -> 514.86134 | M20: =K20*E20 -> 0 | N20: =L20*E20 -> 0 | P20: =H20 -> 541.9593 | Q20: =K20 -> 455.6295 | R20: =F20 -> 479.61 | S20: =H20 -> 541.9593 | T20: =J20 -> 0 | U20: =R20*5% -> 23.9805 | V20: =R20-U20 -> 455.6295 | W20: =S20*5% -> 27.097965 | X20: =L20 -> 514.86134 | Y20: =X20*E20 -> 0 | Z20: =S20*E20 -> 0 | AA20: =Z22*5% -> 0 | AB20: =S20*E20 -> 0 | AC20: =X20*E20 -> 0 | AD20: 0
B21: MP5-610X-100 | C21: 7898670767292 | D21: Máquina de tosa PRO7 X Propetz VERDE - 5 em 1, bivolt (cabo USB) | E21: 0 | F21: =IF($D$8="A VISTA",Planilha2!B13,Planilha2!B13) -> 369.55 | G21: 0.13 | H21: =IFERROR(F21*(1+G21),#REF!) -> 417.5915 | J21: =SUM(E21*H21) -> 0 | K21: =Planilha2!C13 -> 351.0725 | L21: =K21*G21+K21 -> 396.71193 | M21: =K21*E21 -> 0 | N21: =L21*E21 -> 0 | R21: =F21 -> 369.55 | S21: =H21 -> 417.5915 | T21: =J21 -> 0 | U21: =R21*5% -> 18.4775 | V21: =R21-U21 -> 351.0725 | W21: =S21*5% -> 20.879575 | X21: =L21 -> 396.71193 | Y21: =X21*E21 -> 0 | Z21: =S21*E21 -> 0 | AA21: =Z21*5% -> 0 | AB21: =S21*E21 -> 0 | AC21: =X21*E21 -> 0
B22: MP2-520X-100 | C22: 7898670765304 | D22: Máquina De Tosa PRO X Propetz VERDE - 4 em 1, Bivolt | E22: 0 | F22: =IF($D$8="A VISTA",Planilha2!B6,Planilha2!B6) -> 299 | G22: 0.13 | H22: =IFERROR(F22*(1+G22),#REF!) -> 337.87 | I22: =F22*E22 -> 0 | J22: =SUM(E22*H22) -> 0 | K22: =Planilha2!C6 -> 284.05 | L22: =K22*G22+K22 -> 320.9765 | M22: =K22*E22 -> 0 | N22: =L22*E22 -> 0 | P22: =H22 -> 337.87 | Q22: =K22 -> 284.05 | R22: =F22 -> 299 | S22: =H22 -> 337.87 | T22: =J22 -> 0 | U22: =R22*5% -> 14.95 | V22: =R22-U22 -> 284.05 | W22: =S22*5% -> 16.8935 | X22: =L22 -> 320.9765 | Y22: =X22*E22 -> 0 | Z22: =S22*E22 -> 0 | AA22: =Z23*5% -> 0 | AB22: =S22*E22 -> 0 | AC22: =X22*E22 -> 0 | AD22: 0
B23: MP1-320X-100 | C23: 7898670765335 | D23: Máquina De Tosa PRO X mini Propetz VERDE Acabamento, Bivolt | E23: 0 | F23: =IF($D$8="A VISTA",Planilha2!B7,Planilha2!B7) -> 166.28 | G23: 0.13 | H23: =IFERROR(F23*(1+G23),#REF!) -> 187.8964 | I23: =F23*E23 -> 0 | J23: =SUM(E23*H23) -> 0 | K23: =Planilha2!C7 -> 157.966 | L23: =K23*G23+K23 -> 178.50158 | M23: =K23*E23 -> 0 | N23: =L23*E23 -> 0 | P23: =H23 -> 187.8964 | Q23: =K23 -> 157.966 | R23: =F23 -> 166.28 | S23: =R23+R23*G23 -> 187.8964 | T23: =E23*S23 -> 0 | U23: =R23*5% -> 8.314 | V23: =R23-U23 -> 157.966 | W23: =S23*5% -> 9.39482 | X23: =S23-W23 -> 178.50158 | Y23: =X23*E23 -> 0 | Z23: =S23*E23 -> 0 | AA23: =Z23*5% -> 0 | AB23: =S23*E23 -> 0 | AC23: =X23*E23 -> 0 | AD23: =X23-AB23 -> 178.50158
B24: 8808-600-000 | C24: 7898670761054 | D24: Máquina de tosa PRO6 Propetz PRETA Profissional Acabamento, Bivolt | E24: 0 | F24: =IF($D$8="A VISTA",Planilha2!B8,Planilha2!B8) -> 448.11 | G24: 0.13 | H24: =IFERROR(F24*(1+G24),#REF!) -> 506.3643 | I24: =F24*E24 -> 0 | J24: =SUM(E24*H24) -> 0 | K24: =Planilha2!C8 -> 425.7045 | L24: =K24*G24+K24 -> 481.04609 | M24: =K24*E24 -> 0 | N24: =L24*E24 -> 0 | P24: =H24 -> 506.3643 | Q24: =K24 -> 425.7045 | R24: =F24 -> 448.11 | S24: =H24 -> 506.3643 | T24: =J24 -> 0 | U24: =R24*5% -> 22.4055 | V24: =R24-U24 -> 425.7045 | W24: =S24*5% -> 25.318215 | X24: =L24 -> 481.04609 | Y24: =X24*E24 -> 0 | Z24: =S24*E24 -> 0 | AA24: =Z24*5% -> 0 | AB24: =S24*E24 -> 0 | AC24: =X24*E24 -> 0 | AD24: 0
B25: 8808-320-000 | C25: 7898670761092 | D25: Máquina de tosa MO3 Propetz PINK , Lâmina de Cerâmica, Bivolt | E25: 0 | F25: =IF($D$8="A VISTA",Planilha2!B9,Planilha2!B9) -> 169.9 | G25: 0.13 | H25: =IFERROR(F25*(1+G25),#REF!) -> 191.987 | I25: =F25*E25 -> 0 | J25: =SUM(E25*H25) -> 0 | K25: =Planilha2!C9 -> 161.405 | L25: =K25*G25+K25 -> 182.38765 | M25: =K25*E25 -> 0 | N25: =L25*E25 -> 0 | P25: =H25 -> 191.987 | Q25: =K25 -> 161.405 | R25: =F25 -> 169.9 | S25: =H25 -> 191.987 | T25: =J25 -> 0 | U25: =R25*5% -> 8.495 | V25: =R25-U25 -> 161.405 | W25: =S25*5% -> 9.59935 | X25: =L25 -> 182.38765 | Y25: =X25*E25 -> 0 | Z25: =S25*E25 -> 0 | AA25: =Z25*5% -> 0 | AB25: =S25*E25 -> 0 | AC25: =X25*E25 -> 0 | AD25: 0
B26: 8808-300-000 | C26: 7898670761078 | D26: Máquina de tosa MO3 Propetz AZUL, Lâmina de Cerâmica, Bivolt | E26: 0 | F26: =IF($D$8="A VISTA",Planilha2!B10,Planilha2!B10) -> 169.9 | G26: 0.13 | H26: =IFERROR(F26*(1+G26),#REF!) -> 191.987 | I26: =F26*E26 -> 0 | J26: =SUM(E26*H26) -> 0 | K26: =Planilha2!C10 -> 161.405 | L26: =K26*G26+K26 -> 182.38765 | M26: =K26*E26 -> 0 | N26: =L26*E26 -> 0 | P26: =H26 -> 191.987 | Q26: =K26 -> 161.405 | R26: =F26 -> 169.9 | S26: =H26 -> 191.987 | T26: =J26 -> 0 | U26: =R26*5% -> 8.495 | V26: =R26-U26 -> 161.405 | W26: =S26*5% -> 9.59935 | X26: =L26 -> 182.38765 | Y26: =X26*E26 -> 0 | Z26: =S26*E26 -> 0 | AA26: =Z26*5% -> 0 | AB26: =S26*E26 -> 0 | AC26: =X26*E26 -> 0 | AD26: 0
B27: MP6-4CAP-100 | C27: 7898670767193 | D27: Máquina de tosa MO4 Propetz AZUL, Lâmina de Cerâmica, Bivolt (SEM ESTOQUE) | E27: 0 | F27: =IF($D$8="A VISTA",Planilha2!B11,Planilha2!B11) -> 189.9 | G27: 0.13 | H27: =IFERROR(F27*(1+G27),#REF!) -> 214.587 | I27: =F27*E27 -> 0 | J27: =SUM(E27*H27) -> 0 | K27: =Planilha2!C11 -> 180.405 | L27: =K27*G27+K27 -> 203.85765 | M27: =K27*E27 -> 0 | N27: =L27*E27 -> 0 | R27: =F27 -> 189.9 | S27: =H27 -> 214.587 | T27: =J27 -> 0 | U27: =R27*5% -> 9.495 | V27: =R27-U27 -> 180.405 | W27: =S27*5% -> 10.72935 | X27: =L27 -> 203.85765 | Y27: =X27*E27 -> 0 | Z27: =S27*E27 -> 0 | AA27: =Z27*5% -> 0 | AB27: =S27*E27 -> 0 | AC27: =X27*E27 -> 0 | AD27: 1
B28: CÓDIGO | C28: COD. DE BARRAS | D28: Secadores Aura Propetz | E28: QUANTIDADE | F28: VALOR A PRAZO | G28: IPI | H28: VALOR COM IPI | I28: TOTAL S/ IPI | J28: TOTAL PRODUTOS | K28: VALOR A VISTA | L28: VALOR C/ IPI | M28: TOTAL S/ IPI | N28: TOTAL PRODUTOS | R28: PROMO A PRAZO | S28: PRAZO PROMO + IPI | T28: FOB A PRAZO COM IPI | U28: DIF IPI A PRAZO | V28: FOB A VISTA S/ IPI | W28: DIF IPI A VISTA | X28: FOB A VISTA C/ IPI | Y28: TOTAL A VISTA | Z28: TOTAL PROMO S/ DESC | AA28: VALOR DESC | AB28: TOTAL PROMO A PRAZO | AC28: TOTAL PROMO A VISTA
B29: SEP1-100X-100 | C29: 7898670767285 | D29: Secador Aura Propetz 127V (SEM ESTOQUE) | E29: 0 | F29: =IF($D$8="A VISTA",Planilha2!B15,Planilha2!B15) -> 589 | G29: 0 | H29: =IFERROR(F29*(1+G29),#REF!) -> 589 | J29: =SUM(E29*H29) -> 0 | K29: =Planilha2!C15 -> 559.55 | L29: =K29*G29+K29 -> 559.55 | M29: =K29*E29 -> 0 | N29: =L29*E29 -> 0 | R29: =F29 -> 589 | S29: =H29 -> 589 | T29: =J29 -> 0 | U29: =R29*5% -> 29.45 | V29: =R29-U29 -> 559.55 | W29: =S29*5% -> 29.45 | X29: =L29 -> 559.55 | Y29: =X29*E29 -> 0 | Z29: =S29*E29 -> 0 | AA29: =Z29*5% -> 0 | AB29: =S29*E29 -> 0 | AC29: =X29*E29 -> 0
B30: SEP1-100X-200 | C30: 7898670767278 | D30: Secador Aura Propetz 220V (SEM ESTOQUE) | E30: 0 | F30: =IF($D$8="A VISTA",Planilha2!B16,Planilha2!B16) -> 589 | G30: 0 | H30: =IFERROR(F30*(1+G30),#REF!) -> 589 | J30: =SUM(E30*H30) -> 0 | K30: =Planilha2!C16 -> 559.55 | L30: =K30*G30+K30 -> 559.55 | M30: =K30*E30 -> 0 | N30: =L30*E30 -> 0 | R30: =F30 -> 589 | S30: =H30 -> 589 | T30: =J30 -> 0 | U30: =R30*5% -> 29.45 | V30: =R30-U30 -> 559.55 | W30: =S30*5% -> 29.45 | X30: =L30 -> 559.55 | Y30: =X30*E30 -> 0 | Z30: =S30*E30 -> 0 | AA30: =Z30*5% -> 0 | AB30: =S30*E30 -> 0 | AC30: =X30*E30 -> 0
B31: CÓDIGO | C31: COD. DE BARRAS | D31: Lâminas de Tosa Propetz - PRO 7 (5 em 1) | E31: QUANTIDADE | F31: VALOR A PRAZO | G31: IPI | H31: VALOR COM IPI | I31: TOTAL S/ IPI | J31: TOTAL PRODUTOS | K31: VALOR A VISTA | L31: VALOR C/ IPI | M31: TOTAL S/ IPI | N31: TOTAL PRODUTOS | P31: VALOR A PRAZO | Q31: VALOR A VISTA | R31: PROMO A PRAZO | S31: PRAZO PROMO + IPI | T31: FOB A PRAZO COM IPI | U31: DIF IPI A PRAZO | V31: FOB A VISTA S/ IPI | W31: DIF IPI A VISTA | X31: FOB A VISTA C/ IPI | Y31: TOTAL A VISTA | Z31: TOTAL PROMO S/ DESC | AA31: VALOR DESC | AB31: TOTAL PROMO A PRAZO | AC31: TOTAL PROMO A VISTA | AD31: DESCONTO PROMO
B32: L3P-CS830-200 | C32: 7898670766615 | D32: Lâmina de Tosa PRO7 Aço Inox Premium Regulável SLIM Nº 8 a Nº 30 Propetz | E32: 0 | F32: =IF($D$8="A VISTA",Planilha2!B18,Planilha2!B18) -> 177 | G32: 0.13 | H32: =IFERROR(F32*(1+G32),#REF!) -> 200.01 | I32: =F32*E32 -> 0 | J32: =SUM(E32*H32) -> 0 | K32: =Planilha2!C18 -> 168.15 | L32: =K32*G32+K32 -> 190.0095 | M32: =K32*E32 -> 0 | N32: =L32*E32 -> 0 | P32: =H32 -> 200.01 | Q32: =L32 -> 190.0095 | R32: =F32 -> 177 | S32: =H32 -> 200.01 | T32: =J32 -> 0 | U32: =R32*5% -> 8.85 | V32: =R32-U32 -> 168.15 | W32: =S32*5% -> 10.0005 | X32: =L32 -> 190.0095 | Y32: =X32*E32 -> 0 | Z32: =S32*E32 -> 0 | AA32: =Z32*5% -> 0 | AB32: =S32*E32 -> 0 | AC32: =X32*E32 -> 0 | AD32: =X32-AB32 -> 190.0095
B33: L3P-CF940-200 | C33: 7898670766141 | D33: Lâmina de Tosa PRO7 Aço Inox Premium Regulável ULTRA SLIM Nº 9 a Nº 40 Propetz | E33: 0 | F33: =IF($D$8="A VISTA",Planilha2!B19,Planilha2!B19) -> 177 | G33: 0.13 | H33: =IFERROR(F33*(1+G33),#REF!) -> 200.01 | I33: =F33*E33 -> 0 | J33: =SUM(E33*H33) -> 0 | K33: =Planilha2!C19 -> 168.15 | L33: =K33*G33+K33 -> 190.0095 | M33: =K33*E33 -> 0 | N33: =L33*E33 -> 0 | P33: =H33 -> 200.01 | Q33: =L33 -> 190.0095 | R33: =F33 -> 177 | S33: =H33 -> 200.01 | T33: =J33 -> 0 | U33: =R33*5% -> 8.85 | V33: =R33-U33 -> 168.15 | W33: =S33*5% -> 10.0005 | X33: =L33 -> 190.0095 | Y33: =X33*E33 -> 0 | Z33: =S33*E33 -> 0 | AA33: =Z33*5% -> 0 | AB33: =S33*E33 -> 0 | AC33: =X33*E33 -> 0 | AD33: =X33-AB33 -> 190.0095
B34: L3X-PS940-100 | C34: 7898670766165 | D34: Lâmina de Tosa PRO7 Linha X Regulável ULTRA SLIM Nº 9 a Nº 40 Propetz | E34: 0 | F34: =IF($D$8="A VISTA",Planilha2!B20,Planilha2!B20) -> 99.9 | G34: 0.13 | H34: =IFERROR(F34*(1+G34),#REF!) -> 112.887 | I34: =F34*E34 -> 0 | J34: =SUM(E34*H34) -> 0 | K34: =Planilha2!C20 -> 94.905 | L34: =K34*G34+K34 -> 107.24265 | M34: =K34*E34 -> 0 | N34: =L34*E34 -> 0 | P34: =H34 -> 112.887 | Q34: =L34 -> 107.24265 | R34: =PROMO!C137 -> 99.9 | S34: =H34 -> 112.887 | T34: =J34 -> 0 | U34: =R34*5% -> 4.995 | V34: =R34-U34 -> 94.905 | W34: =S34*5% -> 5.64435 | X34: =L34 -> 107.24265 | Y34: =X34*E34 -> 0 | Z34: =S34*E34 -> 0 | AA34: =Z34*5% -> 0 | AB34: =S34*E34 -> 0 | AC34: =X34*E34 -> 0 | AD34: =X34-AB34 -> 107.24265
B35: L3X-P7F-100 | C35: 7898670766172 | D35: Lâmina de Tosa PRO7 Linha X 7F Propetz | E35: 0 | F35: =IF($D$8="A VISTA",Planilha2!B21,Planilha2!B21) -> 149.9 | G35: 0.13 | H35: =IFERROR(F35*(1+G35),#REF!) -> 169.387 | I35: =F35*E35 -> 0 | J35: =SUM(E35*H35) -> 0 | K35: =Planilha2!C21 -> 142.405 | L35: =K35*G35+K35 -> 160.91765 | M35: =K35*E35 -> 0 | N35: =L35*E35 -> 0 | P35: =H35 -> 169.387 | Q35: =L35 -> 160.91765 | R35: =F35 -> 149.9 | S35: =H35 -> 169.387 | T35: =J35 -> 0 | U35: =R35*5% -> 7.495 | V35: =R35-U35 -> 142.405 | W35: =S35*5% -> 8.46935 | X35: =L35 -> 160.91765 | Y35: =X35*E35 -> 0 | Z35: =S35*E35 -> 0 | AA35: =Z35*5% -> 0 | AB35: =S35*E35 -> 0 | AC35: =X35*E35 -> 0 | AD35: =X35-AB35 -> 160.91765
B36: L3X-P4F-100 | C36: 7898670766189 | D36: Lâmina de Tosa PRO7 Linha X 4F Propetz | E36: 0 | F36: =IF($D$8="A VISTA",Planilha2!B22,Planilha2!B22) -> 192.9 | G36: 0.13 | H36: =IFERROR(F36*(1+G36),#REF!) -> 217.977 | I36: =F36*E36 -> 0 | J36: =SUM(E36*H36) -> 0 | K36: =Planilha2!C22 -> 183.255 | L36: =K36*G36+K36 -> 207.07815 | M36: =K36*E36 -> 0 | N36: =L36*E36 -> 0 | P36: =H36 -> 217.977 | Q36: =L36 -> 207.07815 | R36: =F36 -> 192.9 | S36: =H36 -> 217.977 | T36: =J36 -> 0 | U36: =R36*5% -> 9.645 | V36: =R36-U36 -> 183.255 | W36: =S36*5% -> 10.89885 | X36: =L36 -> 207.07815 | Y36: =X36*E36 -> 0 | Z36: =S36*E36 -> 0 | AA36: =Z36*5% -> 0 | AB36: =S36*E36 -> 0 | AC36: =X36*E36 -> 0 | AD36: =X36-AB36 -> 207.07815
B37: L3X-P5F-100 | C37: 7898670766349 | D37: Lâmina de Tosa PRO7 Linha X 5F Propetz | E37: 0 | F37: =IF($D$8="A VISTA",Planilha2!B23,Planilha2!B23) -> 99.9 | G37: 0.13 | H37: =IFERROR(F37*(1+G37),#REF!) -> 112.887 | I37: =F37*E37 -> 0 | J37: =SUM(E37*H37) -> 0 | K37: =PROMO!C141 -> 99.9 | L37: =K37*G37+K37 -> 112.887 | M37: =K37*E37 -> 0 | N37: =L37*E37 -> 0 | P37: =H37 -> 112.887 | Q37: =L37 -> 112.887 | R37: =PROMO!C141 -> 99.9 | S37: =R37+R37*G37 -> 112.887 | T37: =E37*S37 -> 0 | U37: =R37*5% -> 4.995 | V37: =R37-U37 -> 94.905 | W37: =S37*5% -> 5.64435 | X37: =S37-W37 -> 107.24265 | Y37: =X37*E37 -> 0 | Z37: =S37*E37 -> 0 | AA37: =Z37*5% -> 0 | AB37: =S37*E37 -> 0 | AC37: =X37*E37 -> 0 | AD37: =X37-AB37 -> 107.24265
B38: L3X-P6F-100 | C38: 7898670766356 | D38: Lâmina de Tosa PRO7 Linha X 6F Propetz | E38: 0 | F38: =IF($D$8="A VISTA",Planilha2!B24,Planilha2!B24) -> 99.9 | G38: 0.13 | H38: =IFERROR(F38*(1+G38),#REF!) -> 112.887 | I38: =F38*E38 -> 0 | J38: =SUM(E38*H38) -> 0 | K38: =PROMO!C140 -> 99.9 | L38: =K38*G38+K38 -> 112.887 | M38: =K38*E38 -> 0 | N38: =L38*E38 -> 0 | P38: =H38 -> 112.887 | Q38: =L38 -> 112.887 | R38: =PROMO!C140 -> 99.9 | S38: =R38+R38*G38 -> 112.887 | T38: =E38*S38 -> 0 | U38: =R38*5% -> 4.995 | V38: =R38-U38 -> 94.905 | W38: =S38*5% -> 5.64435 | X38: =S38-W38 -> 107.24265 | Y38: =X38*E38 -> 0 | Z38: =S38*E38 -> 0 | AA38: =Z38*5% -> 0 | AB38: =S38*E38 -> 0 | AC38: =X38*E38 -> 0 | AD38: =X38-AB38 -> 107.24265
B39: L3X-P3F-100 | C39: 7898670766301 | D39: Lâmina de Tosa PRO7 Linha X 3F Propetz | E39: 0 | F39: =IF($D$8="A VISTA",Planilha2!B25,Planilha2!B25) -> 149.9 | G39: 0.13 | H39: =IFERROR(F39*(1+G39),#REF!) -> 169.387 | I39: =F39*E39 -> 0 | J39: =SUM(E39*H39) -> 0 | K39: =Planilha2!C25 -> 142.405 | L39: =K39*G39+K39 -> 160.91765 | M39: =K39*E39 -> 0 | N39: =L39*E39 -> 0 | P39: =H39 -> 169.387 | Q39: =L39 -> 160.91765 | R39: =PROMO!C143 -> 149.9 | S39: =R39+R39*G39 -> 169.387 | T39: =E39*S39 -> 0 | U39: =R39*5% -> 7.495 | V39: =R39-U39 -> 142.405 | W39: =S39*5% -> 8.46935 | X39: =S39-W39 -> 160.91765 | Y39: =X39*E39 -> 0 | Z39: =S39*E39 -> 0 | AA39: =Z39*5% -> 0 | AB39: =S39*E39 -> 0 | AC39: =X39*E39 -> 0 | AD39: =X39-AB39 -> 160.91765
B40: L3P-CC045-100 | C40: 7898670766196 | D40: Lâmina de Tosa PRO7 Aço Inox Premium 45 Propetz Joyzee | E40: 0 | F40: =IF($D$8="A VISTA",Planilha2!B26,Planilha2!B26) -> 99.9 | G40: 0.13 | H40: =IFERROR(F40*(1+G40),#REF!) -> 112.887 | I40: =F40*E40 -> 0 | J40: =SUM(E40*H40) -> 0 | K40: =Planilha2!C26 -> 94.905 | L40: =K40*G40+K40 -> 107.24265 | M40: =K40*E40 -> 0 | N40: =L40*E40 -> 0 | P40: =H40 -> 112.887 | Q40: =L40 -> 107.24265 | R40: =PROMO!C138 -> 99.9 | S40: =R40+R40*G40 -> 112.887 | T40: =E40*S40 -> 0 | U40: =R40*5% -> 4.995 | V40: =R40-U40 -> 94.905 | W40: =S40*5% -> 5.64435 | X40: =S40-W40 -> 107.24265 | Y40: =X40*E40 -> 0 | Z40: =S40*E40 -> 0 | AA40: =Z40*5% -> 0 | AB40: =S40*E40 -> 0 | AC40: =X40*E40 -> 0 | AD40: =X40-AB40 -> 107.24265
B41: CÓDIGO | C41: COD. DE BARRAS | D41: Lâminas de Tosa Propetz - PRO 6/PRO X (4 em 1) | E41: QUANTIDADE | F41: VALOR A PRAZO | G41: IPI | H41: VALOR COM IPI | I41: TOTAL S/ IPI | J41: TOTAL PRODUTOS | K41: VALOR A VISTA | L41: VALOR C/ IPI | M41: TOTAL S/ IPI | N41: TOTAL PRODUTOS | P41: VALOR A PRAZO | Q41: VALOR A VISTA | R41: PROMO A PRAZO | S41: PRAZO PROMO + IPI | T41: FOB A PRAZO COM IPI | U41: DIF IPI A PRAZO | V41: FOB A VISTA S/ IPI | W41: DIF IPI A VISTA | X41: FOB A VISTA C/ IPI | Y41: TOTAL A VISTA | Z41: TOTAL PROMO S/ DESC | AA41: VALOR DESC | AB41: TOTAL PROMO A PRAZO | AC41: TOTAL PROMO A VISTA | AD41: DESCONTO PROMO
B42: L2APROXS-100 | C42: 7898670766318 | D42: Lâmina de Tosa Linha X Regulável SLIM Nº 9 a Nº 30 PRO6/PROX Propetz | E42: 0 | F42: =IF($D$8="A VISTA",Planilha2!B28,Planilha2!B28) -> 87.9 | G42: 0.13 | H42: =IFERROR(F42*(1+G42),#REF!) -> 99.327 | I42: =F42*E42 -> 0 | J42: =SUM(E42*H42) -> 0 | K42: =Planilha2!C28 -> 83.505 | L42: =K42*G42+K42 -> 94.36065 | M42: =K42*E42 -> 0 | N42: =L42*E42 -> 0 | P42: =H42 -> 99.327 | Q42: =L42 -> 94.36065 | R42: =F42 -> 87.9 | S42: =H42 -> 99.327 | T42: =J42 -> 0 | U42: =R42*5% -> 4.395 | V42: =R42-U42 -> 83.505 | W42: =S42*5% -> 4.96635 | X42: =L42 -> 94.36065 | Y42: =X42*E42 -> 0 | Z42: =S42*E42 -> 0 | AA42: =Z42*5% -> 0 | AB42: =S42*E42 -> 0 | AC42: =X42*E42 -> 0 | AD42: =X42-AB42 -> 94.36065
B43: L2APROXUS-100 | C43: 7898670766325 | D43: Lâmina de Tosa LINHA X Regulável ULTRA SLIM Nº 10 a Nº 40 PRO6/PROX Propetz | E43: 0 | F43: =IF($D$8="A VISTA",Planilha2!B29,Planilha2!B29) -> 87.9 | G43: 0.13 | H43: =IFERROR(F43*(1+G43),#REF!) -> 99.327 | I43: =F43*E43 -> 0 | J43: =SUM(E43*H43) -> 0 | K43: =Planilha2!C29 -> 83.505 | L43: =K43*G43+K43 -> 94.36065 | M43: =K43*E43 -> 0 | N43: =L43*E43 -> 0 | P43: =H43 -> 99.327 | Q43: =L43 -> 94.36065 | R43: =F43 -> 87.9 | S43: =H43 -> 99.327 | T43: =J43 -> 0 | U43: =R43*5% -> 4.395 | V43: =R43-U43 -> 83.505 | W43: =S43*5% -> 4.96635 | X43: =L43 -> 94.36065 | Y43: =X43*E43 -> 0 | Z43: =S43*E43 -> 0 | AA43: =Z43*5% -> 0 | AB43: =S43*E43 -> 0 | AC43: =X43*E43 -> 0 | AD43: =X43-AB43 -> 94.36065
B44: L2AP67F-100 | C44: 7898670762556 | D44: Lâmina de Tosa Linha X 7F PRO6/PROX Propetz | E44: 0 | F44: =IF($D$8="A VISTA",Planilha2!B30,Planilha2!B30) -> 125 | G44: 0.13 | H44: =IFERROR(F44*(1+G44),#REF!) -> 141.25 | I44: =F44*E44 -> 0 | J44: =SUM(E44*H44) -> 0 | K44: =Planilha2!C30 -> 118.75 | L44: =K44*G44+K44 -> 134.1875 | M44: =K44*E44 -> 0 | N44: =L44*E44 -> 0 | P44: =H44 -> 141.25 | Q44: =L44 -> 134.1875 | R44: =F44 -> 125 | S44: =H44 -> 141.25 | T44: =J44 -> 0 | U44: =R44*5% -> 6.25 | V44: =R44-U44 -> 118.75 | W44: =S44*5% -> 7.0625 | X44: =L44 -> 134.1875 | Y44: =X44*E44 -> 0 | Z44: =S44*E44 -> 0 | AA44: =Z44*5% -> 0 | AB44: =S44*E44 -> 0 | AC44: =X44*E44 -> 0 | AD44: =X44-AB44 -> 134.1875
B45: L2AP64F-100 | C45: 7898670762570 | D45: Lâmina de Tosa Linha X 4F PRO6/PROX Propetz | E45: 0 | F45: =IF($D$8="A VISTA",Planilha2!B31,Planilha2!B31) -> 172 | G45: 0.13 | H45: =IFERROR(F45*(1+G45),#REF!) -> 194.36 | I45: =F45*E45 -> 0 | J45: =(E45*H45) -> 0 | K45: =Planilha2!C31 -> 163.4 | L45: =K45*G45+K45 -> 184.642 | M45: =K45*E45 -> 0 | N45: =L45*E45 -> 0 | P45: =H45 -> 194.36 | Q45: =L45 -> 184.642 | R45: =F45 -> 172 | S45: =H45 -> 194.36 | T45: =J45 -> 0 | U45: =R45*5% -> 8.6 | V45: =R45-U45 -> 163.4 | W45: =S45*5% -> 9.718 | X45: =L45 -> 184.642 | Y45: =X45*E45 -> 0 | Z45: =S45*E45 -> 0 | AA45: =Z45*5% -> 0 | AB45: =S45*E45 -> 0 | AC45: =X45*E45 -> 0 | AD45: =X45-AB45 -> 184.642
B46: L2AP65F-100 | C46: 7898670762563 | D46: Lâmina de Tosa Linha X 5F PRO6/PROX Propetz (SEM ESTOQUE) | E46: 0 | F46: =IF($D$8="A VISTA",Planilha2!B32,Planilha2!B32) -> 159 | G46: 0.13 | H46: =IFERROR(F46*(1+G46),#REF!) -> 179.67 | I46: =F46*E46 -> 0 | J46: =SUM(E46*H46) -> 0 | K46: =Planilha2!C32 -> 151.05 | L46: =K46*G46+K46 -> 170.6865 | M46: =K46*E46 -> 0 | N46: =L46*E46 -> 0 | P46: =H46 -> 179.67 | Q46: =L46 -> 170.6865 | R46: =PROMO!C10 -> 133.56 | S46: =R46+R46*G46 -> 150.9228 | T46: =E46*S46 -> 0 | U46: =R46*5% -> 6.678 | V46: =R46-U46 -> 126.882 | W46: =S46*5% -> 7.54614 | X46: =S46-W46 -> 143.37666 | Y46: =X46*E46 -> 0 | Z46: =S46*E46 -> 0 | AA46: =Z46*5% -> 0 | AB46: =S46*E46 -> 0 | AC46: =X46*E46 -> 0 | AD46: =X46-AB46 -> 143.37666
B47: L2AP63F-100 | C47: 7898670762600 | D47: Lâmina de Tosa Linha X 3F PRO6-PROX Propetz | E47: 0 | F47: =IF($D$8="A VISTA",Planilha2!B33,Planilha2!B33) -> 160.3 | G47: 0.13 | H47: =IFERROR(F47*(1+G47),#REF!) -> 181.139 | I47: =F47*E47 -> 0 | J47: =SUM(E47*H47) -> 0 | K47: =Planilha2!C33 -> 152.285 | L47: =K47*G47+K47 -> 172.08205 | M47: =K47*E47 -> 0 | N47: =L47*E47 -> 0 | P47: =H47 -> 181.139 | Q47: =L47 -> 172.08205 | R47: =PROMO!C12 -> 160.3 | S47: =R47+R47*G47 -> 181.139 | T47: =E47*S47 -> 0 | U47: =R47*5% -> 8.015 | V47: =R47-U47 -> 152.285 | W47: =S47*5% -> 9.05695 | X47: =S47-W47 -> 172.08205 | Y47: =X47*E47 -> 0 | Z47: =S47*E47 -> 0 | AA47: =Z47*5% -> 0 | AB47: =S47*E47 -> 0 | AC47: =X47*E47 -> 0 | AD47: =X47-AB47 -> 172.08205
B48: L2AP630XB-200 | C48: 7898670766332 | D48: Lamina de Tosa Linha X 30 Propetz EXCLUSIVA PRO6 | E48: 0 | F48: =IF($D$8="A VISTA",Planilha2!B34,Planilha2!B34) -> 122 | G48: 0.13 | H48: =IFERROR(F48*(1+G48),#REF!) -> 137.86 | I48: =F48*E48 -> 0 | J48: =SUM(E48*H48) -> 0 | K48: =Planilha2!C34 -> 115.9 | L48: =K48*G48+K48 -> 130.967 | M48: =K48*E48 -> 0 | N48: =L48*E48 -> 0 | P48: =H48 -> 137.86 | Q48: =L48 -> 130.967 | R48: =F48 -> 122 | S48: =H48 -> 137.86 | T48: =J48 -> 0 | U48: =R48*5% -> 6.1 | V48: =R48-U48 -> 115.9 | W48: =S48*5% -> 6.893 | X48: =L48 -> 130.967 | Y48: =X48*E48 -> 0 | Z48: =S48*E48 -> 0 | AA48: =Z48*5% -> 0 | AB48: =S48*E48 -> 0 | AC48: =X48*E48 -> 0 | AD48: =X48-AB48 -> 130.967
B49: L2AP630SS-200 | C49: 7898670767056 | D49: Lamina de Tosa Aço Inox Premium 30 Propetz EXCLUSIVA PRO6 | E49: 0 | F49: =IF($D$8="A VISTA",Planilha2!B35,Planilha2!B35) -> 167 | G49: 0.13 | H49: =IFERROR(F49*(1+G49),#REF!) -> 188.71 | I49: =F49*E49 -> 0 | J49: =SUM(E49*H49) -> 0 | K49: =Planilha2!C35 -> 158.65 | L49: =K49*G49+K49 -> 179.2745 | M49: =K49*E49 -> 0 | N49: =L49*E49 -> 0 | P49: =H49 -> 188.71 | Q49: =L49 -> 179.2745 | R49: =F49 -> 167 | S49: =H49 -> 188.71 | T49: =J49 -> 0 | U49: =R49*5% -> 8.35 | V49: =R49-U49 -> 158.65 | W49: =S49*5% -> 9.4355 | X49: =L49 -> 179.2745 | Y49: =X49*E49 -> 0 | Z49: =S49*E49 -> 0 | AA49: =Z49*5% -> 0 | AB49: =S49*E49 -> 0 | AC49: =X49*E49 -> 0 | AD49: =X49-AB49 -> 179.2745
B50: CÓDIGO | C50: COD. DE BARRAS | D50: Lâminas de Tosa Propetz - MO 3/ PRO 4/ PRO X mini | E50: QUANTIDADE | F50: VALOR A PRAZO | G50: IPI | H50: VALOR COM IPI | I50: TOTAL S/ IPI | J50: TOTAL PRODUTOS | K50: VALOR A VISTA | L50: VALOR C/ IPI | M50: TOTAL S/ IPI | N50: TOTAL PRODUTOS | P50: VALOR A PRAZO | Q50: VALOR A VISTA | R50: PROMO A PRAZO | S50: PRAZO PROMO + IPI | T50: FOB A PRAZO COM IPI | U50: DIF IPI A PRAZO | V50: FOB A VISTA S/ IPI | W50: DIF IPI A VISTA | X50: FOB A VISTA C/ IPI | Y50: TOTAL A VISTA | Z50: TOTAL PROMO S/ DESC | AA50: VALOR DESC | AB50: TOTAL PROMO A PRAZO | AC50: TOTAL PROMO A VISTA | AD50: DESCONTO PROMO
B51: L2AP3-100 | C51: 7898670766202 | D51: Lâmina de Tosa PRO X mini Propetz de Nº0.25mm | E51: 0 | F51: =IF($D$8="A VISTA",Planilha2!B37,Planilha2!B37) -> 66.9 | G51: 0.13 | H51: =IFERROR(F51*(1+G51),#REF!) -> 75.597 | I51: =F51*E51 -> 0 | J51: =SUM(E51*H51) -> 0 | K51: =Planilha2!C37 -> 63.555 | L51: =K51*G51+K51 -> 71.81715 | M51: =K51*E51 -> 0 | N51: =L51*E51 -> 0 | P51: =H51 -> 75.597 | Q51: =L51 -> 71.81715 | R51: =F51 -> 66.9 | S51: =H51 -> 75.597 | T51: =J51 -> 0 | U51: =R51*5% -> 3.345 | V51: =R51-U51 -> 63.555 | W51: =S51*5% -> 3.77985 | X51: =L51 -> 71.81715 | Y51: =X51*E51 -> 0 | Z51: =S51*E51 -> 0 | AA51: =Z51*5% -> 0 | AB51: =S51*E51 -> 0 | AC51: =X51*E51 -> 0 | AD51: =X51-AB51 -> 71.81715
B52: L2AP4-100 | C52: 7898670762587 | D52: Lâmina de Tosa PRO4 Propetz, N°0,25mm | E52: 0 | F52: =IF($D$8="A VISTA",Planilha2!B38,Planilha2!B38) -> 79.9 | G52: 0.13 | H52: =IFERROR(F52*(1+G52),#REF!) -> 90.287 | I52: =F52*E52 -> 0 | J52: =SUM(E52*H52) -> 0 | K52: =Planilha2!C38 -> 75.905 | L52: =K52*G52+K52 -> 85.77265 | M52: =K52*E52 -> 0 | N52: =L52*E52 -> 0 | P52: =H52 -> 90.287 | Q52: =L52 -> 85.77265 | R52: =F52 -> 79.9 | S52: =H52 -> 90.287 | T52: =J52 -> 0 | U52: =R52*5% -> 3.995 | V52: =R52-U52 -> 75.905 | W52: =S52*5% -> 4.51435 | X52: =L52 -> 85.77265 | Y52: =X52*E52 -> 0 | Z52: =S52*E52 -> 0 | AA52: =Z52*5% -> 0 | AB52: =S52*E52 -> 0 | AC52: =X52*E52 -> 0 | AD52: =X52-AB52 -> 85.77265
B53: L2PMO3-100 | C53: 7898670762594 | D53: Lâmina de Tosa MO3 Propetz de Nº1.0mm | E53: 0 | F53: =IF($D$8="A VISTA",Planilha2!B39,Planilha2!B39) -> 72.9 | G53: 0.13 | H53: =IFERROR(F53*(1+G53),#REF!) -> 82.377 | I53: =F53*E53 -> 0 | J53: =SUM(E53*H53) -> 0 | K53: =Planilha2!C39 -> 69.255 | L53: =K53*G53+K53 -> 78.25815 | M53: =K53*E53 -> 0 | N53: =L53*E53 -> 0 | P53: =H53 -> 82.377 | Q53: =L53 -> 78.25815 | R53: =F53 -> 72.9 | S53: =H53 -> 82.377 | T53: =J53 -> 0 | U53: =R53*5% -> 3.645 | V53: =R53-U53 -> 69.255 | W53: =S53*5% -> 4.11885 | X53: =L53 -> 78.25815 | Y53: =X53*E53 -> 0 | Z53: =S53*E53 -> 0 | AA53: =Z53*5% -> 0 | AB53: =S53*E53 -> 0 | AC53: =X53*E53 -> 0 | AD53: =X53-AB53 -> 78.25815
B54: CÓDIGO | C54: COD. DE BARRAS | D54: Cortantes de ceramica | E54: QUANTIDADE | F54: VALOR A PRAZO | G54: IPI | H54: VALOR COM IPI | I54: TOTAL S/ IPI | J54: TOTAL PRODUTOS | K54: VALOR A VISTA | L54: VALOR C/ IPI | M54: TOTAL S/ IPI | N54: TOTAL PRODUTOS | P54: VALOR A PRAZO | Q54: VALOR A VISTA | R54: PROMO A PRAZO | S54: PRAZO PROMO + IPI | T54: FOB A PRAZO COM IPI | U54: DIF IPI A PRAZO | V54: FOB A VISTA S/ IPI | W54: DIF IPI A VISTA | X54: FOB A VISTA C/ IPI | Y54: TOTAL A VISTA | Z54: TOTAL PROMO S/ DESC | AA54: VALOR DESC | AB54: TOTAL PROMO A PRAZO | AC54: TOTAL PROMO A VISTA | AD54: DESCONTO PROMO
B55: CL1CP-100 | C55: 7898670762624 | D55: Cortante I de Cerâmica Lâminas Propetz - Para lâminas n.40 e n.50 | E55: 0 | F55: =IF($D$8="A VISTA",Planilha2!B40,Planilha2!B40) -> 29.9 | G55: 0.13 | H55: =IFERROR(F55*(1+G55),#REF!) -> 33.787 | I55: =F55*E55 -> 0 | J55: =SUM(E55*H55) -> 0 | K55: =Planilha2!C40 -> 28.405 | L55: =K55*G55+K55 -> 32.09765 | M55: =K55*E55 -> 0 | N55: =L55*E55 -> 0 | P55: =H55 -> 33.787 | Q55: =L55 -> 32.09765 | R55: =F55 -> 29.9 | S55: =H55 -> 33.787 | T55: =J55 -> 0 | U55: =R55*5% -> 1.495 | V55: =R55-U55 -> 28.405 | W55: =S55*5% -> 1.68935 | X55: =L55 -> 32.09765 | Y55: =X55*E55 -> 0 | Z55: =S55*E55 -> 0 | AA55: =Z55*5% -> 0 | AB55: =S55*E55 -> 0 | AC55: =X55*E55 -> 0 | AD55: =X55-AB55 -> 32.09765
B56: C1LRP-100 | C56: 7898670762631 | D56: Cortante II de Cerâmica Lâminas Propetz - Para lâminas n.10,15,30,3F,4F,5F e 7F | E56: 0 | F56: =IF($D$8="A VISTA",Planilha2!B41,Planilha2!B41) -> 29.9 | G56: 0.13 | H56: =IFERROR(F56*(1+G56),#REF!) -> 33.787 | I56: =F56*E56 -> 0 | J56: =SUM(E56*H56) -> 0 | K56: =Planilha2!C41 -> 28.405 | L56: =K56*G56+K56 -> 32.09765 | M56: =K56*E56 -> 0 | N56: =L56*E56 -> 0 | P56: =H56 -> 33.787 | Q56: =L56 -> 32.09765 | R56: =F56 -> 29.9 | S56: =H56 -> 33.787 | T56: =J56 -> 0 | U56: =R56*5% -> 1.495 | V56: =R56-U56 -> 28.405 | W56: =S56*5% -> 1.68935 | X56: =L56 -> 32.09765 | Y56: =X56*E56 -> 0 | Z56: =S56*E56 -> 0 | AA56: =Z56*5% -> 0 | AB56: =S56*E56 -> 0 | AC56: =X56*E56 -> 0 | AD56: =X56-AB56 -> 32.09765
B57: C3L51P-100 | C57: 7898670767179 | D57: Cortante de Cerâmica para Lâminas PRO7 Propetz (SEM ESTOQUE) | E57: 0 | F57: =IF($D$8="A VISTA",Planilha2!B42,Planilha2!B42) -> 29.9 | G57: 0.13 | H57: =IFERROR(F57*(1+G57),#REF!) -> 33.787 | I57: =F57*E57 -> 0 | J57: =SUM(E57*H57) -> 0 | K57: =Planilha2!C42 -> 28.405 | L57: =K57*G57+K57 -> 32.09765 | M57: =K57*E57 -> 0 | N57: =L57*E57 -> 0 | R57: =F57 -> 29.9 | S57: =H57 -> 33.787 | T57: =J57 -> 0 | U57: =R57*5% -> 1.495 | V57: =R57-U57 -> 28.405 | W57: =S57*5% -> 1.68935 | X57: =L57 -> 32.09765 | Y57: =X57*E57 -> 0 | Z57: =S57*E57 -> 0 | AA57: =Z57*5% -> 0 | AB57: =S57*E57 -> 0 | AC57: =X57*E57 -> 0 | AD57: =X57-AB57 -> 32.09765
B58: CÓDIGO | C58: COD. DE BARRAS | D58: Lâminas de Tosa SUPER Premium TITANIUM Propetz | E58: QUANTIDADE | F58: VALOR A PRAZO | G58: IPI | H58: VALOR COM IPI | I58: TOTAL S/ IPI | J58: TOTAL PRODUTOS | K58: VALOR A VISTA | L58: VALOR C/ IPI | M58: TOTAL S/ IPI | N58: TOTAL PRODUTOS | P58: VALOR A PRAZO | Q58: VALOR A VISTA | R58: PROMO A PRAZO | S58: PRAZO PROMO + IPI | T58: FOB A PRAZO COM IPI | U58: DIF IPI A PRAZO | V58: FOB A VISTA S/ IPI | W58: DIF IPI A VISTA | X58: FOB A VISTA C/ IPI | Y58: TOTAL A VISTA | Z58: TOTAL PROMO S/ DESC | AA58: VALOR DESC | AB58: TOTAL PROMO A PRAZO | AC58: TOTAL PROMO A VISTA | AD58: DESCONTO PROMO
B59: L1SP-T09-200 | C59: 7898670765977 | D59: Lâmina De Tosa 9 Titanium Super Premium Propetz | E59: 0 | F59: =IF($D$8="A VISTA",Planilha2!B44,Planilha2!B44) -> 169.31 | G59: 0.13 | H59: =IFERROR(F59*(1+G59),#REF!) -> 191.3203 | I59: =F59*E59 -> 0 | J59: =SUM(E59*H59) -> 0 | K59: =Planilha2!C44 -> 160.8445 | L59: =K59*G59+K59 -> 181.75429 | M59: =K59*E59 -> 0 | N59: =L59*E59 -> 0 | P59: =H59 -> 191.3203 | Q59: =L59 -> 181.75429 | R59: =F59 -> 169.31 | S59: =R59+R59*G59 -> 191.3203 | T59: =E59*S59 -> 0 | U59: =R59*5% -> 8.4655 | V59: =R59-U59 -> 160.8445 | W59: =S59*5% -> 9.566015 | X59: =S59-W59 -> 181.75429 | Y59: =X59*E59 -> 0 | Z59: =S59*E59 -> 0 | AA59: =Z59*5% -> 0 | AB59: =S59*E59 -> 0 | AC59: =X59*E59 -> 0 | AD59: =X59-AB59 -> 181.75429
B60: L1SP-T10-200 | C60: 7898670765137 | D60: Lâmina De Tosa 10 Titanium Super Premium Propetz | E60: 0 | F60: =IF($D$8="A VISTA",Planilha2!B45,Planilha2!B45) -> 147 | G60: 0.13 | H60: =IFERROR(F60*(1+G60),#REF!) -> 166.11 | I60: =F60*E60 -> 0 | J60: =SUM(E60*H60) -> 0 | K60: =Planilha2!C45 -> 139.65 | L60: =K60*G60+K60 -> 157.8045 | M60: =K60*E60 -> 0 | N60: =L60*E60 -> 0 | P60: =H60 -> 166.11 | Q60: =L60 -> 157.8045 | R60: =F60 -> 147 | S60: =R60+R60*G60 -> 166.11 | T60: =E60*S60 -> 0 | U60: =R60*5% -> 7.35 | V60: =R60-U60 -> 139.65 | W60: =S60*5% -> 8.3055 | X60: =S60-W60 -> 157.8045 | Y60: =X60*E60 -> 0 | Z60: =S60*E60 -> 0 | AA60: =Z60*5% -> 0 | AB60: =S60*E60 -> 0 | AC60: =X60*E60 -> 0 | AD60: =X60-AB60 -> 157.8045
B61: L1SP-T15-200 | C61: 7898670765991 | D61: Lâmina De Tosa 15 Titanium Super Premium Propetz | E61: 0 | F61: =IF($D$8="A VISTA",Planilha2!B46,Planilha2!B46) -> 164.7 | G61: 0.13 | H61: =IFERROR(F61*(1+G61),#REF!) -> 186.111 | I61: =F61*E61 -> 0 | J61: =SUM(E61*H61) -> 0 | K61: =Planilha2!C46 -> 156.465 | L61: =K61*G61+K61 -> 176.80545 | M61: =K61*E61 -> 0 | N61: =L61*E61 -> 0 | P61: =H61 -> 186.111 | Q61: =L61 -> 176.80545 | R61: =F61 -> 164.7 | S61: =R61+R61*G61 -> 186.111 | T61: =E61*S61 -> 0 | U61: =R61*5% -> 8.235 | V61: =R61-U61 -> 156.465 | W61: =S61*5% -> 9.30555 | X61: =S61-W61 -> 176.80545 | Y61: =X61*E61 -> 0 | Z61: =S61*E61 -> 0 | AA61: =Z61*5% -> 0 | AB61: =S61*E61 -> 0 | AC61: =X61*E61 -> 0 | AD61: =X61-AB61 -> 176.80545
B62: L1SP-T30-200 | C62: 7898670765144 | D62: Lâmina De Tosa 30 Titanium Super Premium Propetz | E62: 0 | F62: =IF($D$8="A VISTA",Planilha2!B47,Planilha2!B47) -> 147 | G62: 0.13 | H62: =IFERROR(F62*(1+G62),#REF!) -> 166.11 | I62: =F62*E62 -> 0 | J62: =SUM(E62*H62) -> 0 | K62: =Planilha2!C47 -> 139.65 | L62: =K62*G62+K62 -> 157.8045 | M62: =K62*E62 -> 0 | N62: =L62*E62 -> 0 | P62: =H62 -> 166.11 | Q62: =L62 -> 157.8045 | R62: =F62 -> 147 | S62: =R62+R62*G62 -> 166.11 | T62: =E62*S62 -> 0 | U62: =R62*5% -> 7.35 | V62: =R62-U62 -> 139.65 | W62: =S62*5% -> 8.3055 | X62: =S62-W62 -> 157.8045 | Y62: =X62*E62 -> 0 | Z62: =S62*E62 -> 0 | AA62: =Z62*5% -> 0 | AB62: =S62*E62 -> 0 | AC62: =X62*E62 -> 0 | AD62: =X62-AB62 -> 157.8045
B63: L1SP-T40-200 | C63: 7898670765151 | D63: Lâmina De Tosa 40 Titanium Super Premium Propetz | E63: 0 | F63: =IF($D$8="A VISTA",Planilha2!B48,Planilha2!B48) -> 159.9 | G63: 0.13 | H63: =IFERROR(F63*(1+G63),#REF!) -> 180.687 | I63: =F63*E63 -> 0 | J63: =SUM(E63*H63) -> 0 | K63: =Planilha2!C48 -> 151.905 | L63: =K63*G63+K63 -> 171.65265 | M63: =K63*E63 -> 0 | N63: =L63*E63 -> 0 | P63: =H63 -> 180.687 | Q63: =L63 -> 171.65265 | R63: =F63 -> 159.9 | S63: =R63+R63*G63 -> 180.687 | T63: =E63*S63 -> 0 | U63: =R63*5% -> 7.995 | V63: =R63-U63 -> 151.905 | W63: =S63*5% -> 9.03435 | X63: =S63-W63 -> 171.65265 | Y63: =X63*E63 -> 0 | Z63: =S63*E63 -> 0 | AA63: =Z63*5% -> 0 | AB63: =S63*E63 -> 0 | AC63: =X63*E63 -> 0 | AD63: =X63-AB63 -> 171.65265
B64: L1SP-T50-200 | C64: 7898670765960 | D64: Lâmina De Tosa 50 Titanium Super Premium Propetz | E64: 0 | F64: =IF($D$8="A VISTA",Planilha2!B49,Planilha2!B49) -> 166.24 | G64: 0.13 | H64: =IFERROR(F64*(1+G64),#REF!) -> 187.8512 | I64: =F64*E64 -> 0 | J64: =SUM(E64*H64) -> 0 | K64: =Planilha2!C49 -> 157.928 | L64: =K64*G64+K64 -> 178.45864 | M64: =K64*E64 -> 0 | N64: =L64*E64 -> 0 | P64: =H64 -> 187.8512 | Q64: =L64 -> 178.45864 | R64: =F64 -> 166.24 | S64: =R64+R64*G64 -> 187.8512 | T64: =E64*S64 -> 0 | U64: =R64*5% -> 8.312 | V64: =R64-U64 -> 157.928 | W64: =S64*5% -> 9.39256 | X64: =S64-W64 -> 178.45864 | Y64: =X64*E64 -> 0 | Z64: =S64*E64 -> 0 | AA64: =Z64*5% -> 0 | AB64: =S64*E64 -> 0 | AC64: =X64*E64 -> 0 | AD64: =X64-AB64 -> 178.45864
B65: L1SP-T4F-200 | C65: 7898670765175 | D65: Lâmina De Tosa 4F Titanium Super Premium Propetz | E65: 0 | F65: =IF($D$8="A VISTA",Planilha2!B50,Planilha2!B50) -> 232 | G65: 0.13 | H65: =IFERROR(F65*(1+G65),#REF!) -> 262.16 | I65: =F65*E65 -> 0 | J65: =SUM(E65*H65) -> 0 | K65: =Planilha2!C50 -> 220.4 | L65: =K65*G65+K65 -> 249.052 | M65: =K65*E65 -> 0 | N65: =L65*E65 -> 0 | P65: =H65 -> 262.16 | Q65: =L65 -> 249.052 | R65: =F65 -> 232 | S65: =R65+R65*G65 -> 262.16 | T65: =E65*S65 -> 0 | U65: =R65*5% -> 11.6 | V65: =R65-U65 -> 220.4 | W65: =S65*5% -> 13.108 | X65: =S65-W65 -> 249.052 | Y65: =X65*E65 -> 0 | Z65: =S65*E65 -> 0 | AA65: =Z65*5% -> 0 | AB65: =S65*E65 -> 0 | AC65: =X65*E65 -> 0 | AD65: =X65-AB65 -> 249.052
B66: L1SP-T5F-200 | C66: 7898670765984 | D66: Lâmina De Tosa 5F Titanium Super Premium Propetz (SEM ESTOQUE) | E66: 0 | F66: =IF($D$8="A VISTA",Planilha2!B51,Planilha2!B51) -> 211.88 | G66: 0.13 | H66: =IFERROR(F66*(1+G66),#REF!) -> 239.4244 | I66: =F66*E66 -> 0 | J66: =SUM(E66*H66) -> 0 | K66: =Planilha2!C51 -> 201.286 | L66: =K66*G66+K66 -> 227.45318 | M66: =K66*E66 -> 0 | N66: =L66*E66 -> 0 | P66: =H66 -> 239.4244 | Q66: =L66 -> 227.45318 | R66: =F66 -> 211.88 | S66: =R66+R66*G66 -> 239.4244 | T66: =E66*S66 -> 0 | U66: =R66*5% -> 10.594 | V66: =R66-U66 -> 201.286 | W66: =S66*5% -> 11.97122 | X66: =S66-W66 -> 227.45318 | Y66: =X66*E66 -> 0 | Z66: =S66*E66 -> 0 | AA66: =Z66*5% -> 0 | AB66: =S66*E66 -> 0 | AC66: =X66*E66 -> 0 | AD66: =X66-AB66 -> 227.45318
B67: L1SP-T7F-200 | C67: 7898670765182 | D67: Lâmina De Tosa 7F Titanium Super Premium Propetz | E67: 0 | F67: =IF($D$8="A VISTA",Planilha2!B52,Planilha2!B52) -> 179 | G67: 0.13 | H67: =IFERROR(F67*(1+G67),#REF!) -> 202.27 | I67: =F67*E67 -> 0 | J67: =SUM(E67*H67) -> 0 | K67: =Planilha2!C52 -> 170.05 | L67: =K67*G67+K67 -> 192.1565 | M67: =K67*E67 -> 0 | N67: =L67*E67 -> 0 | P67: =H67 -> 202.27 | Q67: =L67 -> 192.1565 | R67: =F67 -> 179 | S67: =R67+R67*G67 -> 202.27 | T67: =E67*S67 -> 0 | U67: =R67*5% -> 8.95 | V67: =R67-U67 -> 170.05 | W67: =S67*5% -> 10.1135 | X67: =S67-W67 -> 192.1565 | Y67: =X67*E67 -> 0 | Z67: =S67*E67 -> 0 | AA67: =Z67*5% -> 0 | AB67: =S67*E67 -> 0 | AC67: =X67*E67 -> 0 | AD67: =X67-AB67 -> 192.1565
B68: CÓDIGO | C68: COD. DE BARRAS | D68: Lâminas de Tosa Premium AÇO INOX Propetz | E68: QUANTIDADE | F68: VALOR A PRAZO | G68: IPI | H68: VALOR COM IPI | I68: TOTAL S/ IPI | J68: TOTAL PRODUTOS | K68: VALOR A VISTA | L68: VALOR C/ IPI | M68: TOTAL S/ IPI | N68: TOTAL PRODUTOS | P68: VALOR A PRAZO | Q68: VALOR A VISTA | R68: PROMO A PRAZO | S68: PRAZO PROMO + IPI | T68: FOB A PRAZO COM IPI | U68: DIF IPI A PRAZO | V68: FOB A VISTA S/ IPI | W68: DIF IPI A VISTA | X68: FOB A VISTA C/ IPI | Y68: TOTAL A VISTA | Z68: TOTAL PROMO S/ DESC | AA68: VALOR DESC | AB68: TOTAL PROMO A PRAZO | AC68: TOTAL PROMO A VISTA | AD68: DESCONTO PROMO
B69: L2P-C09-100 | C69: 7898670766011 | D69: Lâmina De Tosa 9 Aço Inox Premium Propetz | E69: 0 | F69: =IF($D$8="A VISTA",Planilha2!#REF!,Planilha2!#REF!) -> #REF! | G69: 0.13 | H69: =IFERROR(F69*(1+G69),#REF!) -> #REF! | I69: =F69*E69 -> #REF! | J69: =SUM(E69*H69) -> #REF! | K69: =Planilha2!#REF! -> #REF! | L69: =K69*G69+K69 -> #REF! | M69: =K69*E69 -> #REF! | N69: =L69*E69 -> #REF! | P69: =H69 -> #REF! | Q69: =L69 -> #REF! | R69: =F69 -> #REF! | S69: =R69+R69*G69 -> #REF! | T69: =E69*S69 -> #REF! | U69: =R69*5% -> #REF! | V69: =R69-U69 -> #REF! | W69: =S69*5% -> #REF! | X69: =S69-W69 -> #REF! | Y69: =X69*E69 -> #REF! | Z69: =S69*E69 -> #REF! | AA69: 0 | AB69: =S69*E69 -> #REF! | AC69: =X69*E69 -> #REF! | AD69: =X69-AB69 -> #REF!
B70: L2P-C10-100 | C70: 7898670765199 | D70: Lâmina De Tosa 10 Aço Inox Premium Propetz | E70: 0 | F70: =IF($D$8="A VISTA",Planilha2!B54,Planilha2!B54) -> 117.04 | G70: 0.13 | H70: =IFERROR(F70*(1+G70),#REF!) -> 132.2552 | I70: =F70*E70 -> 0 | J70: =SUM(E70*H70) -> 0 | K70: =Planilha2!C54 -> 111.188 | L70: =K70*G70+K70 -> 125.64244 | M70: =K70*E70 -> 0 | N70: =L70*E70 -> 0 | P70: =H70 -> 132.2552 | Q70: =L70 -> 125.64244 | R70: =F70 -> 117.04 | S70: =R70+R70*G70 -> 132.2552 | T70: =E70*S70 -> 0 | U70: =R70*5% -> 5.852 | V70: =R70-U70 -> 111.188 | W70: =S70*5% -> 6.61276 | X70: =S70-W70 -> 125.64244 | Y70: =X70*E70 -> 0 | Z70: =S70*E70 -> 0 | AA70: 0 | AB70: =S70*E70 -> 0 | AC70: =X70*E70 -> 0 | AD70: =X70-AB70 -> 125.64244
B71: L2P-C30-100 | C71: 7898670765205 | D71: Lâmina De Tosa 30 Aço Inox Premium Propetz | E71: 0 | F71: =IF($D$8="A VISTA",Planilha2!B55,Planilha2!B55) -> 117.04 | G71: 0.13 | H71: =IFERROR(F71*(1+G71),#REF!) -> 132.2552 | I71: =F71*E71 -> 0 | J71: =SUM(E71*H71) -> 0 | K71: =Planilha2!C55 -> 111.188 | L71: =K71*G71+K71 -> 125.64244 | M71: =K71*E71 -> 0 | N71: =L71*E71 -> 0 | P71: =H71 -> 132.2552 | Q71: =L71 -> 125.64244 | R71: =F71 -> 117.04 | S71: =R71+R71*G71 -> 132.2552 | T71: =E71*S71 -> 0 | U71: =R71*5% -> 5.852 | V71: =R71-U71 -> 111.188 | W71: =S71*5% -> 6.61276 | X71: =S71-W71 -> 125.64244 | Y71: =X71*E71 -> 0 | Z71: =S71*E71 -> 0 | AA71: 0 | AB71: =S71*E71 -> 0 | AC71: =X71*E71 -> 0 | AD71: =X71-AB71 -> 125.64244
B72: L2P-C40-100 | C72: 7898670765212 | D72: Lâmina De Tosa 40 Aço Inox Premium Propetz | E72: 0 | F72: =IF($D$8="A VISTA",Planilha2!B56,Planilha2!B56) -> 131.12 | G72: 0.13 | H72: =IFERROR(F72*(1+G72),#REF!) -> 148.1656 | I72: =F72*E72 -> 0 | J72: =SUM(E72*H72) -> 0 | K72: =Planilha2!C56 -> 124.564 | L72: =K72*G72+K72 -> 140.75732 | M72: =K72*E72 -> 0 | N72: =L72*E72 -> 0 | P72: =H72 -> 148.1656 | Q72: =L72 -> 140.75732 | R72: =F72 -> 131.12 | S72: =R72+R72*G72 -> 148.1656 | T72: =E72*S72 -> 0 | U72: =R72*5% -> 6.556 | V72: =R72-U72 -> 124.564 | W72: =S72*5% -> 7.40828 | X72: =S72-W72 -> 140.75732 | Y72: =X72*E72 -> 0 | Z72: =S72*E72 -> 0 | AA72: 0 | AB72: =S72*E72 -> 0 | AC72: =X72*E72 -> 0 | AD72: =X72-AB72 -> 140.75732
B73: L2P-C50-100 | C73: 7898670766004 | D73: Lâmina De Tosa 50 Aço Inox Premium Propetz | E73: 0 | F73: =IF($D$8="A VISTA",Planilha2!B57,Planilha2!B57) -> 79 | G73: 0.13 | H73: =IFERROR(F73*(1+G73),#REF!) -> 89.27 | I73: =F73*E73 -> 0 | J73: =SUM(E73*H73) -> 0 | K73: =Planilha2!C57 -> 75.05 | L73: =K73*G73+K73 -> 84.8065 | M73: =K73*E73 -> 0 | N73: =L73*E73 -> 0 | P73: =H73 -> 89.27 | Q73: =L73 -> 84.8065 | R73: =F73 -> 79 | S73: =R73+R73*G73 -> 89.27 | T73: =E73*S73 -> 0 | U73: =R73*5% -> 3.95 | V73: =R73-U73 -> 75.05 | W73: =S73*5% -> 4.4635 | X73: =S73-W73 -> 84.8065 | Y73: =X73*E73 -> 0 | Z73: =S73*E73 -> 0 | AA73: 0 | AB73: =S73*E73 -> 0 | AC73: =X73*E73 -> 0 | AD73: =X73-AB73 -> 84.8065
B74: L2P-C4F-100 | C74: 7898670765236 | D74: Lâmina De Tosa 4F Aço Inox Premium Propetz | E74: 0 | F74: =IF($D$8="A VISTA",Planilha2!B58,Planilha2!B58) -> 189.2 | G74: 0.13 | H74: =IFERROR(F74*(1+G74),#REF!) -> 213.796 | I74: =F74*E74 -> 0 | J74: =SUM(E74*H74) -> 0 | K74: =Planilha2!C58 -> 179.74 | L74: =K74*G74+K74 -> 203.1062 | M74: =K74*E74 -> 0 | N74: =L74*E74 -> 0 | P74: =H74 -> 213.796 | Q74: =L74 -> 203.1062 | R74: =F74 -> 189.2 | S74: =R74+R74*G74 -> 213.796 | T74: =E74*S74 -> 0 | U74: =R74*5% -> 9.46 | V74: =R74-U74 -> 179.74 | W74: =S74*5% -> 10.6898 | X74: =S74-W74 -> 203.1062 | Y74: =X74*E74 -> 0 | Z74: =S74*E74 -> 0 | AA74: 0 | AB74: =S74*E74 -> 0 | AC74: =X74*E74 -> 0 | AD74: =X74-AB74 -> 203.1062
B75: L2P-C5F-100 | C75: 7898670766028 | D75: Lâmina De Tosa 5F Aço Inox Premium Propetz | E75: 0 | F75: =IF($D$8="A VISTA",Planilha2!B59,Planilha2!B59) -> 150.48 | G75: 0.13 | H75: =IFERROR(F75*(1+G75),#REF!) -> 170.0424 | I75: =F75*E75 -> 0 | J75: =SUM(E75*H75) -> 0 | K75: =Planilha2!C59 -> 142.956 | L75: =K75*G75+K75 -> 161.54028 | M75: =K75*E75 -> 0 | N75: =L75*E75 -> 0 | P75: =H75 -> 170.0424 | Q75: =L75 -> 161.54028 | R75: =F75 -> 150.48 | S75: =R75+R75*G75 -> 170.0424 | T75: =E75*S75 -> 0 | U75: =R75*5% -> 7.524 | V75: =R75-U75 -> 142.956 | W75: =S75*5% -> 8.50212 | X75: =S75-W75 -> 161.54028 | Y75: =X75*E75 -> 0 | Z75: =S75*E75 -> 0 | AA75: 0 | AB75: =S75*E75 -> 0 | AC75: =X75*E75 -> 0 | AD75: =X75-AB75 -> 161.54028
B76: L2P-C7F-100 | C76: 7898670765243 | D76: Lâmina De Tosa 7F Aço Inox Premium Propetz | E76: 0 | F76: =IF($D$8="A VISTA",Planilha2!B60,Planilha2!B60) -> 144.32 | G76: 0.13 | H76: =IFERROR(F76*(1+G76),#REF!) -> 163.0816 | I76: =F76*E76 -> 0 | J76: =SUM(E76*H76) -> 0 | K76: =Planilha2!C60 -> 137.104 | L76: =K76*G76+K76 -> 154.92752 | M76: =K76*E76 -> 0 | N76: =L76*E76 -> 0 | P76: =H76 -> 163.0816 | Q76: =L76 -> 154.92752 | R76: =F76 -> 144.32 | S76: =R76+R76*G76 -> 163.0816 | T76: =E76*S76 -> 0 | U76: =R76*5% -> 7.216 | V76: =R76-U76 -> 137.104 | W76: =S76*5% -> 8.15408 | X76: =S76-W76 -> 154.92752 | Y76: =X76*E76 -> 0 | Z76: =S76*E76 -> 0 | AA76: 0 | AB76: =S76*E76 -> 0 | AC76: =X76*E76 -> 0 | AD76: =X76-AB76 -> 154.92752
B77: CÓDIGO | C77: COD. DE BARRAS | D77: Kit de Adaptadores Propetz | E77: QUANTIDADE | F77: VALOR A PRAZO | G77: IPI | H77: VALOR COM IPI | I77: TOTAL S/ IPI | J77: TOTAL PRODUTOS | K77: VALOR A VISTA | L77: VALOR C/ IPI | M77: TOTAL S/ IPI | N77: TOTAL PRODUTOS | P77: VALOR A PRAZO | Q77: VALOR A VISTA | R77: PROMO A PRAZO | S77: PRAZO PROMO + IPI | T77: FOB A PRAZO COM IPI | U77: DIF IPI A PRAZO | V77: FOB A VISTA S/ IPI | W77: DIF IPI A VISTA | X77: FOB A VISTA C/ IPI | Y77: TOTAL A VISTA | Z77: TOTAL PROMO S/ DESC | AA77: VALOR DESC | AB77: TOTAL PROMO A PRAZO | AC77: TOTAL PROMO A VISTA | AD77: DESCONTO PROMO
B78: KAI1P-100 | C78: 7898670762617 | D78: Kit de Adaptadores de Inox Propetz Laminas Profissionais 08 Peças | E78: 0 | F78: =IF($D$8="A VISTA",Planilha2!B62,Planilha2!B62) -> 186.11 | G78: 0.13 | H78: =IFERROR(F78*(1+G78),#REF!) -> 210.3043 | I78: =F78*E78 -> 0 | J78: =SUM(E78*H78) -> 0 | K78: =Planilha2!C62 -> 176.8045 | L78: =K78*G78+K78 -> 199.78909 | M78: =K78*E78 -> 0 | N78: =L78*E78 -> 0 | P78: =H78 -> 210.3043 | Q78: =L78 -> 199.78909 | R78: =F78 -> 186.11 | S78: =H78 -> 210.3043 | T78: =J78 -> 0 | U78: =R78*5% -> 9.3055 | V78: =R78-U78 -> 176.8045 | W78: =S78*5% -> 10.515215 | X78: =L78 -> 199.78909 | Y78: =X78*E78 -> 0 | Z78: 0 | AA78: =R78*J78 -> 0 | AB78: =S78*E78 -> 0 | AC78: =X78*E78 -> 0 | AD78: =X78-AB78 -> 199.78909
B79: KAI2P-100 | C79: 7898670764772 | D79: Kit de Adaptadores de Inox Propetz Máquinas 5 em 1 / 4 em 1 - All in One | E79: 0 | F79: =IF($D$8="A VISTA",Planilha2!B63,Planilha2!B63) -> 187.72 | G79: 0.13 | H79: =IFERROR(F79*(1+G79),#REF!) -> 212.1236 | I79: =F79*E79 -> 0 | J79: =SUM(E79*H79) -> 0 | K79: =Planilha2!C63 -> 178.334 | L79: =K79*G79+K79 -> 201.51742 | M79: =K79*E79 -> 0 | N79: =L79*E79 -> 0 | P79: =H79 -> 212.1236 | Q79: =L79 -> 201.51742 | R79: =F79 -> 187.72 | S79: =H79 -> 212.1236 | T79: =J79 -> 0 | U79: =R79*5% -> 9.386 | V79: =R79-U79 -> 178.334 | W79: =S79*5% -> 10.60618 | X79: =L79 -> 201.51742 | Y79: =X79*E79 -> 0 | Z79: 0 | AA79: =R79*J79 -> 0 | AB79: =S79*E79 -> 0 | AC79: =X79*E79 -> 0 | AD79: =X79-AB79 -> 201.51742
B80: CÓDIGO | C80: COD. DE BARRAS | D80: Escovas Propetz | E80: QUANTIDADE | F80: VALOR A PRAZO | G80: IPI | H80: VALOR COM IPI | I80: TOTAL S/ IPI | J80: TOTAL PRODUTOS | K80: VALOR A VISTA | L80: VALOR C/ IPI | M80: TOTAL S/ IPI | N80: TOTAL PRODUTOS | P80: VALOR A PRAZO | Q80: VALOR A VISTA | R80: PROMO A PRAZO | S80: PRAZO PROMO + IPI | T80: FOB A PRAZO COM IPI | U80: DIF IPI A PRAZO | V80: FOB A VISTA S/ IPI | W80: DIF IPI A VISTA | X80: FOB A VISTA C/ IPI | Y80: TOTAL A VISTA | Z80: TOTAL PROMO S/ DESC | AA80: VALOR DESC | AB80: TOTAL PROMO A PRAZO | AC80: TOTAL PROMO A VISTA | AD80: DESCONTO PROMO
B81: C1SBGA-100 | C81: 7898670760095 | D81: Escova Pinos s/ Bolinha Grande Azul Propetz | E81: 0 | F81: =IF($D$8="A VISTA",Planilha2!B65,Planilha2!B65) -> 38.9 | G81: 0 | H81: =IFERROR(F81*(1+G81),#REF!) -> 38.9 | I81: =F81*E81 -> 0 | J81: =SUM(E81*H81) -> 0 | K81: =Planilha2!C65 -> 36.955 | L81: =K81*G81+K81 -> 36.955 | M81: =K81*E81 -> 0 | N81: =L81*E81 -> 0 | P81: =H81 -> 38.9 | Q81: =L81 -> 36.955 | R81: =PROMO!C59 -> 38.9 | S81: =R81+R81*G81 -> 38.9 | T81: =E81*S81 -> 0 | U81: =R81*5% -> 1.945 | V81: =R81-U81 -> 36.955 | W81: =S81*5% -> 1.945 | X81: =S81-W81 -> 36.955 | Y81: =X81*E81 -> 0 | Z81: =S81*E81 -> 0 | AA81: =Z81*5% -> 0 | AB81: =S81*E81 -> 0 | AC81: =X81*E81 -> 0 | AD81: =X81-AB81 -> 36.955
B82: C1SBMA-100 | C82: 7898670760118 | D82: Escova Pinos s/ Bolinha Média Azul Propetz | E82: 0 | F82: =IF($D$8="A VISTA",Planilha2!B66,Planilha2!B66) -> 42.58 | G82: 0 | H82: =IFERROR(F82*(1+G82),#REF!) -> 42.58 | I82: =F82*E82 -> 0 | J82: =SUM(E82*H82) -> 0 | K82: =Planilha2!C66 -> 40.451 | L82: =K82*G82+K82 -> 40.451 | M82: =K82*E82 -> 0 | N82: =L82*E82 -> 0 | P82: =H82 -> 42.58 | Q82: =L82 -> 40.451 | R82: =PROMO!C60 -> 36.8 | S82: =R82+R82*G82 -> 36.8 | T82: =E82*S82 -> 0 | U82: =R82*5% -> 1.84 | V82: =R82-U82 -> 34.96 | W82: =S82*5% -> 1.84 | X82: =S82-W82 -> 34.96 | Y82: =X82*E82 -> 0 | Z82: =S82*E82 -> 0 | AA82: =Z82*5% -> 0 | AB82: =S82*E82 -> 0 | AC82: =X82*E82 -> 0 | AD82: =X82-AB82 -> 34.96
B83: C1EP-MSBD-200 | C83: 7898670762693 | D83: Escova Premium Pinos s/ Bolinha Média Black Propetz | E83: 0 | F83: =IF($D$8="A VISTA",Planilha2!B67,Planilha2!B67) -> 42.58 | G83: 0 | H83: =IFERROR(F83*(1+G83),#REF!) -> 42.58 | I83: =F83*E83 -> 0 | J83: =SUM(E83*H83) -> 0 | K83: =Planilha2!C67 -> 40.451 | L83: =K83*G83+K83 -> 40.451 | M83: =K83*E83 -> 0 | N83: =L83*E83 -> 0 | P83: =H83 -> 42.58 | Q83: =L83 -> 40.451 | R83: =PROMO!C62 -> 27.9 | S83: =R83+R83*G83 -> 27.9 | T83: =E83*S83 -> 0 | U83: =R83*5% -> 1.395 | V83: =R83-U83 -> 26.505 | W83: =S83*5% -> 1.395 | X83: =S83-W83 -> 26.505 | Y83: =X83*E83 -> 0 | Z83: =S83*E83 -> 0 | AA83: =Z83*5% -> 0 | AB83: =S83*E83 -> 0 | AC83: =X83*E83 -> 0 | AD83: =X83-AB83 -> 26.505
B84: C1EP-GSBD-200 | C84: 7898670762709 | D84: Escova Premium Pinos s/ Bolinha Grande Black Propetz | E84: 0 | F84: =IF($D$8="A VISTA",Planilha2!B68,Planilha2!B68) -> 37.9 | G84: 0 | H84: =IFERROR(F84*(1+G84),#REF!) -> 37.9 | I84: =F84*E84 -> 0 | J84: =SUM(E84*H84) -> 0 | K84: =Planilha2!C68 -> 36.005 | L84: =K84*G84+K84 -> 36.005 | M84: =K84*E84 -> 0 | N84: =L84*E84 -> 0 | P84: =H84 -> 37.9 | Q84: =L84 -> 36.005 | R84: =PROMO!C61 -> 37.9 | S84: =R84+R84*G84 -> 37.9 | T84: =E84*S84 -> 0 | U84: =R84*5% -> 1.895 | V84: =R84-U84 -> 36.005 | W84: =S84*5% -> 1.895 | X84: =S84-W84 -> 36.005 | Y84: =X84*E84 -> 0 | Z84: =S84*E84 -> 0 | AA84: =Z84*5% -> 0 | AB84: =S84*E84 -> 0 | AC84: =X84*E84 -> 0 | AD84: =X84-AB84 -> 36.005
B85: C1EBA-100X-100 | C85: 7898670767223 | D85: Escova de Banho Propetz LANÇAMENTO (SEM ESTOQUE) | E85: 0 | F85: =IF($D$8="A VISTA",Planilha2!B69,Planilha2!B69) -> 18 | G85: 0 | H85: =IFERROR(F85*(1+G85),#REF!) -> 18 | I85: =F85*E85 -> 0 | J85: =SUM(E85*H85) -> 0 | K85: =Planilha2!C69 -> 17.1 | L85: =K85*G85+K85 -> 17.1 | M85: =K85*E85 -> 0 | N85: =L85*E85 -> 0 | R85: =F85 -> 18 | S85: =H85 -> 18 | T85: =J85 -> 0 | U85: =R85*5% -> 0.9 | V85: =R85-U85 -> 17.1 | W85: =S85*5% -> 0.9 | X85: =L85 -> 17.1 | Y85: =X85*E85 -> 0 | Z85: 0 | AA85: =R85*J85 -> 0 | AB85: =S85*E85 -> 0 | AC85: =X85*E85 -> 0
B86: CÓDIGO | C86: COD. DE BARRAS | D86: Rasqueadeiras Propetz | E86: QUANTIDADE | F86: VALOR A PRAZO | G86: IPI | H86: VALOR COM IPI | I86: TOTAL S/ IPI | J86: TOTAL PRODUTOS | K86: VALOR A VISTA | L86: VALOR C/ IPI | M86: TOTAL S/ IPI | N86: TOTAL PRODUTOS | P86: VALOR A PRAZO | Q86: VALOR A VISTA | R86: PROMO A PRAZO | S86: PRAZO PROMO + IPI | T86: FOB A PRAZO COM IPI | U86: DIF IPI A PRAZO | V86: FOB A VISTA S/ IPI | W86: DIF IPI A VISTA | X86: FOB A VISTA C/ IPI | Y86: TOTAL A VISTA | Z86: TOTAL PROMO S/ DESC | AA86: VALOR DESC | AB86: TOTAL PROMO A PRAZO | AC86: TOTAL PROMO A VISTA | AD86: DESCONTO PROMO
B87: E1RPGD-200 | C87: 7898670762716 | D87: Rasqueadeira Premium Reta Grande Pinos Firmes Black Propetz | E87: 0 | F87: =IF($D$8="A VISTA",Planilha2!B71,Planilha2!B71) -> 53.9 | G87: 0 | H87: =IFERROR(F87*(1+G87),#REF!) -> 53.9 | I87: =F87*E87 -> 0 | J87: =SUM(E87*H87) -> 0 | K87: =Planilha2!C71 -> 51.205 | L87: =K87*G87+K87 -> 51.205 | M87: =K87*E87 -> 0 | N87: =L87*E87 -> 0 | P87: =H87 -> 53.9 | Q87: =L87 -> 51.205 | R87: =F87 -> 53.9 | S87: =H87 -> 53.9 | T87: =J87 -> 0 | U87: =R87*5% -> 2.695 | V87: =R87-U87 -> 51.205 | W87: =S87*5% -> 2.695 | X87: =L87 -> 51.205 | Y87: =X87*E87 -> 0 | Z87: 0 | AA87: 0 | AB87: =S87*E87 -> 0 | AC87: =X87*E87 -> 0 | AD87: =X87-AB87 -> 51.205
B88: E1RP-GDPM-200 | C88: 7898670762723 | D88: Rasqueadeira Premium Reta Grande Pinos Macio Black Propetz | E88: 0 | F88: =IF($D$8="A VISTA",Planilha2!B72,Planilha2!B72) -> 47.9 | G88: 0 | H88: =IFERROR(F88*(1+G88),#REF!) -> 47.9 | I88: =F88*E88 -> 0 | J88: =SUM(E88*H88) -> 0 | K88: =Planilha2!C72 -> 45.505 | L88: =K88*G88+K88 -> 45.505 | M88: =K88*E88 -> 0 | N88: =L88*E88 -> 0 | P88: =H88 -> 47.9 | Q88: =L88 -> 45.505 | R88: =F88 -> 47.9 | S88: =R88+R88*G88 -> 47.9 | T88: =E88*S88 -> 0 | U88: =R88*5% -> 2.395 | V88: =R88-U88 -> 45.505 | W88: =S88*5% -> 2.395 | X88: =S88-W88 -> 45.505 | Y88: =X88*E88 -> 0 | Z88: 0 | AA88: 0 | AB88: =S88*E88 -> 0 | AC88: =X88*E88 -> 0 | AD88: =X88-AB88 -> 45.505
B89: E1CP-MD-PLD-200 | C89: 7898670762730 | D89: Rasqueadeira Premium Curva Media Pinos Longos Firmes Black Propetz | E89: 0 | F89: =IF($D$8="A VISTA",Planilha2!B73,Planilha2!B73) -> 47.9 | G89: 0 | H89: =IFERROR(F89*(1+G89),#REF!) -> 47.9 | I89: =F89*E89 -> 0 | J89: =SUM(E89*H89) -> 0 | K89: =Planilha2!C73 -> 45.505 | L89: =K89*G89+K89 -> 45.505 | M89: =K89*E89 -> 0 | N89: =L89*E89 -> 0 | P89: =H89 -> 47.9 | Q89: =L89 -> 45.505 | R89: =F89 -> 47.9 | S89: =R89+R89*G89 -> 47.9 | T89: =E89*S89 -> 0 | U89: =R89*5% -> 2.395 | V89: =R89-U89 -> 45.505 | W89: =S89*5% -> 2.395 | X89: =S89-W89 -> 45.505 | Y89: =X89*E89 -> 0 | Z89: =S89*E89 -> 0 | AA89: =Z89*5% -> 0 | AB89: =S89*E89 -> 0 | AC89: =X89*E89 -> 0 | AD89: =X89-AB89 -> 45.505
B90: E1CP-MD-PLR-200 | C90: 7898670762747 | D90: Rasqueadeira Premium Curva Media Pinos Longos Regulares Black Propetz | E90: 0 | F90: =IF($D$8="A VISTA",Planilha2!B74,Planilha2!B74) -> 29.9 | G90: 0 | H90: =IFERROR(F90*(1+G90),#REF!) -> 29.9 | I90: =F90*E90 -> 0 | J90: =SUM(E90*H90) -> 0 | K90: =Planilha2!C74 -> 28.405 | L90: =K90*G90+K90 -> 28.405 | M90: =K90*E90 -> 0 | N90: =L90*E90 -> 0 | P90: =H90 -> 29.9 | Q90: =L90 -> 28.405 | R90: =PROMO!C66 -> 29.9 | S90: =R90+R90*G90 -> 29.9 | T90: =E90*S90 -> 0 | U90: =R90*5% -> 1.495 | V90: =R90-U90 -> 28.405 | W90: =S90*5% -> 1.495 | X90: =S90-W90 -> 28.405 | Y90: =X90*E90 -> 0 | Z90: =S90*E90 -> 0 | AA90: =Z90*5% -> 0 | AB90: =S90*E90 -> 0 | AC90: =X90*E90 -> 0 | AD90: =X90-AB90 -> 28.405
B91: E1CGA-200 | C91: 7898670766363 | D91: Rasqueadeira Clássica Reta Grande Azul Propetz | E91: 0 | F91: =IF($D$8="A VISTA",Planilha2!B75,Planilha2!B75) -> 38.48 | G91: 0 | H91: =IFERROR(F91*(1+G91),#REF!) -> 38.48 | I91: =F91*E91 -> 0 | J91: =SUM(E91*H91) -> 0 | K91: =Planilha2!C75 -> 36.556 | L91: =K91*G91+K91 -> 36.556 | M91: =K91*E91 -> 0 | N91: =L91*E91 -> 0 | P91: =H91 -> 38.48 | Q91: =L91 -> 36.556 | R91: =F91 -> 38.48 | S91: =H91 -> 38.48 | T91: =J91 -> 0 | U91: =R91*5% -> 1.924 | V91: =R91-U91 -> 36.556 | W91: =S91*5% -> 1.924 | X91: =L91 -> 36.556 | Y91: =X91*E91 -> 0 | Z91: 0 | AA91: 0 | AB91: =S91*E91 -> 0 | AC91: =X91*E91 -> 0 | AD91: =X91-AB91 -> 36.556
B92: E1CMA-200 | C92: 7898670766370 | D92: Rasqueadeira Clássica Reta Média Azul Propetz | E92: 0 | F92: =IF($D$8="A VISTA",Planilha2!B76,Planilha2!B76) -> 30.9 | G92: 0 | H92: =IFERROR(F92*(1+G92),#REF!) -> 30.9 | I92: =F92*E92 -> 0 | J92: =SUM(E92*H92) -> 0 | K92: =Planilha2!C76 -> 29.355 | L92: =K92*G92+K92 -> 29.355 | M92: =K92*E92 -> 0 | N92: =L92*E92 -> 0 | P92: =H92 -> 30.9 | Q92: =L92 -> 29.355 | R92: =F92 -> 30.9 | S92: =H92 -> 30.9 | T92: =J92 -> 0 | U92: =R92*5% -> 1.545 | V92: =R92-U92 -> 29.355 | W92: =S92*5% -> 1.545 | X92: =L92 -> 29.355 | Y92: =X92*E92 -> 0 | Z92: 0 | AA92: 0 | AB92: =S92*E92 -> 0 | AC92: =X92*E92 -> 0 | AD92: =X92-AB92 -> 29.355
B93: E1RBGA-200 | C93: 7898670766400 | D93: Rasqueadeira Reta c/ Bolinha Grande Azul Propetz | E93: 0 | F93: =IF($D$8="A VISTA",Planilha2!B77,Planilha2!B77) -> 40.9 | G93: 0 | H93: =IFERROR(F93*(1+G93),#REF!) -> 40.9 | I93: =F93*E93 -> 0 | J93: =SUM(E93*H93) -> 0 | K93: =Planilha2!C77 -> 38.855 | L93: =K93*G93+K93 -> 38.855 | M93: =K93*E93 -> 0 | N93: =L93*E93 -> 0 | P93: =H93 -> 40.9 | Q93: =L93 -> 38.855 | R93: =F93 -> 40.9 | S93: =H93 -> 40.9 | T93: =J93 -> 0 | U93: =R93*5% -> 2.045 | V93: =R93-U93 -> 38.855 | W93: =S93*5% -> 2.045 | X93: =L93 -> 38.855 | Y93: =X93*E93 -> 0 | Z93: 0 | AA93: 0 | AB93: =S93*E93 -> 0 | AC93: =X93*E93 -> 0 | AD93: =X93-AB93 -> 38.855
B94: E1RBMA-100 | C94: 7898670761344 | D94: Rasqueadeira Reta c/ Bolinha Média Azul Propetz | E94: 0 | F94: =IF($D$8="A VISTA",Planilha2!B78,Planilha2!B78) -> 37.3 | G94: 0 | H94: =IFERROR(F94*(1+G94),#REF!) -> 37.3 | I94: =F94*E94 -> 0 | J94: =SUM(E94*H94) -> 0 | K94: =Planilha2!C78 -> 35.435 | L94: =K94*G94+K94 -> 35.435 | M94: =K94*E94 -> 0 | N94: =L94*E94 -> 0 | P94: =H94 -> 37.3 | Q94: =L94 -> 35.435 | R94: =F94 -> 37.3 | S94: =H94 -> 37.3 | T94: =J94 -> 0 | U94: =R94*5% -> 1.865 | V94: =R94-U94 -> 35.435 | W94: =S94*5% -> 1.865 | X94: =L94 -> 35.435 | Y94: =X94*E94 -> 0 | Z94: 0 | AA94: 0 | AB94: =S94*E94 -> 0 | AC94: =X94*E94 -> 0 | AD94: =X94-AB94 -> 35.435
B95: E1CBGA-200 | C95: 7898670760255 | D95: Rasqueadeira Curva c/ Bolinha Grande Azul Propetz | E95: 0 | F95: =IF($D$8="A VISTA",Planilha2!B79,Planilha2!B79) -> 43.9 | G95: 0 | H95: =IFERROR(F95*(1+G95),#REF!) -> 43.9 | I95: =F95*E95 -> 0 | J95: =SUM(E95*H95) -> 0 | K95: =Planilha2!C79 -> 41.705 | L95: =K95*G95+K95 -> 41.705 | M95: =K95*E95 -> 0 | N95: =L95*E95 -> 0 | P95: =H95 -> 43.9 | Q95: =L95 -> 41.705 | R95: =F95 -> 43.9 | S95: =H95 -> 43.9 | T95: =J95 -> 0 | U95: =R95*5% -> 2.195 | V95: =R95-U95 -> 41.705 | W95: =S95*5% -> 2.195 | X95: =L95 -> 41.705 | Y95: =X95*E95 -> 0 | Z95: 0 | AA95: 0 | AB95: =S95*E95 -> 0 | AC95: =X95*E95 -> 0 | AD95: =X95-AB95 -> 41.705
B96: E1CBMA-200 | C96: 7898670760927 | D96: Rasqueadeira Curva c/ Bolinha Média Azul Propetz | E96: 0 | F96: =IF($D$8="A VISTA",Planilha2!B80,Planilha2!B80) -> 39.9 | G96: 0 | H96: =IFERROR(F96*(1+G96),#REF!) -> 39.9 | I96: =F96*E96 -> 0 | J96: =SUM(E96*H96) -> 0 | K96: =Planilha2!C80 -> 37.905 | L96: =K96*G96+K96 -> 37.905 | M96: =K96*E96 -> 0 | N96: =L96*E96 -> 0 | P96: =H96 -> 39.9 | Q96: =L96 -> 37.905 | R96: =F96 -> 39.9 | S96: =H96 -> 39.9 | T96: =J96 -> 0 | U96: =R96*5% -> 1.995 | V96: =R96-U96 -> 37.905 | W96: =S96*5% -> 1.995 | X96: =L96 -> 37.905 | Y96: =X96*E96 -> 0 | Z96: 0 | AA96: 0 | AB96: =S96*E96 -> 0 | AC96: =X96*E96 -> 0 | AD96: =X96-AB96 -> 37.905
B97: E1GCA-200 | C97: 7898670766608 | D97: Rasqueadeira Curva Grande | E97: 0 | F97: =IF($D$8="A VISTA",Planilha2!B81,Planilha2!B81) -> 34.9 | G97: 0 | H97: =IFERROR(F97*(1+G97),#REF!) -> 34.9 | I97: =F97*E97 -> 0 | J97: =SUM(E97*H97) -> 0 | K97: =Planilha2!C81 -> 33.155 | L97: =K97*G97+K97 -> 33.155 | M97: =K97*E97 -> 0 | N97: =L97*E97 -> 0 | P97: =H97 -> 34.9 | Q97: =L97 -> 33.155 | R97: =F97 -> 34.9 | S97: =H97 -> 34.9 | T97: =J97 -> 0 | U97: =R97*5% -> 1.745 | V97: =R97-U97 -> 33.155 | W97: =S97*5% -> 1.745 | X97: =L97 -> 33.155 | Y97: =X97*E97 -> 0 | Z97: 0 | AA97: 0 | AB97: =S97*E97 -> 0 | AC97: =X97*E97 -> 0 | AD97: =X97-AB97 -> 33.155
B98: E1FPGA-100 | C98: 7898670760378 | D98: Rasqueadeira Flexível Pinos Longos Macio Azul Propetz | E98: 0 | F98: =IF($D$8="A VISTA",Planilha2!B82,Planilha2!B82) -> 45.9 | G98: 0 | H98: =IFERROR(F98*(1+G98),#REF!) -> 45.9 | I98: =F98*E98 -> 0 | J98: =SUM(E98*H98) -> 0 | K98: =Planilha2!C82 -> 43.605 | L98: =K98*G98+K98 -> 43.605 | M98: =K98*E98 -> 0 | N98: =L98*E98 -> 0 | P98: =H98 -> 45.9 | Q98: =L98 -> 43.605 | R98: =F98 -> 45.9 | S98: =R98+R98*G98 -> 45.9 | T98: =E98*S98 -> 0 | U98: =R98*5% -> 2.295 | V98: =R98-U98 -> 43.605 | W98: =S98*5% -> 2.295 | X98: =S98-W98 -> 43.605 | Y98: =X98*E98 -> 0 | Z98: =S98*E98 -> 0 | AA98: =Z98*5% -> 0 | AB98: =S98*E98 -> 0 | AC98: =X98*E98 -> 0 | AD98: =X98-AB98 -> 43.605
B99: E1MCA-200 | C99: 7898670766608 | D99: Rasqueadeira Curva Média Azul Propetz | E99: 0 | F99: =IF($D$8="A VISTA",Planilha2!B83,Planilha2!B83) -> 33.86 | G99: 0 | H99: =IFERROR(F99*(1+G99),#REF!) -> 33.86 | I99: =F99*E99 -> 0 | J99: =SUM(E99*H99) -> 0 | K99: =Planilha2!C83 -> 32.167 | L99: =K99*G99+K99 -> 32.167 | M99: =K99*E99 -> 0 | N99: =L99*E99 -> 0 | P99: =H99 -> 33.86 | Q99: =L99 -> 32.167 | R99: =PROMO!C195 -> 28.781 | S99: =R99+R99*G99 -> 28.781 | T99: =J99 -> 0 | U99: =R99*5% -> 1.43905 | V99: =R99-U99 -> 27.34195 | W99: =S99*5% -> 1.43905 | X99: =L99 -> 32.167 | Y99: =X99*E99 -> 0 | AB99: =S99*E99 -> 0 | AC99: =X99*E99 -> 0 | AD99: =X99-AB99 -> 32.167
B100: CÓDIGO | C100: COD. DE BARRAS | D100: Pentes Propetz | E100: QUANTIDADE | F100: VALOR A PRAZO | G100: IPI | H100: VALOR COM IPI | I100: TOTAL S/ IPI | J100: TOTAL PRODUTOS | K100: VALOR A VISTA | L100: VALOR C/ IPI | M100: TOTAL S/ IPI | N100: TOTAL PRODUTOS | P100: VALOR A PRAZO | Q100: VALOR A VISTA | R100: PROMO A PRAZO | S100: PRAZO PROMO + IPI | T100: FOB A PRAZO COM IPI | U100: DIF IPI A PRAZO | V100: FOB A VISTA S/ IPI | W100: DIF IPI A VISTA | X100: FOB A VISTA C/ IPI | Y100: TOTAL A VISTA | Z100: TOTAL PROMO S/ DESC | AA100: VALOR DESC | AB100: TOTAL PROMO A PRAZO | AC100: TOTAL PROMO A VISTA | AD100: DESCONTO PROMO
B101: F119A50-100 | C101: 7898670760446 | D101: Pente 19cm Duplo Alumínio Azul Propetz | E101: 0 | F101: =IF($D$8="A VISTA",Planilha2!B85,Planilha2!B85) -> 54.48 | G101: 0.0975 | H101: =IFERROR(F101*(1+G101),#REF!) -> 59.7918 | I101: =F101*E101 -> 0 | J101: =SUM(E101*H101) -> 0 | K101: =Planilha2!C85 -> 51.756 | L101: =K101*G101+K101 -> 56.80221 | M101: =K101*E101 -> 0 | N101: =L101*E101 -> 0 | P101: =H101 -> 59.7918 | Q101: =L101 -> 56.80221 | R101: =F101 -> 54.48 | S101: =H101 -> 59.7918 | T101: =J101 -> 0 | U101: =R101*5% -> 2.724 | V101: =R101-U101 -> 51.756 | W101: =S101*5% -> 2.98959 | X101: =L101 -> 56.80221 | Y101: =X101*E101 -> 0 | Z101: 0 | AA101: 0 | AB101: =S101*E101 -> 0 | AC101: =X101*E101 -> 0 | AD101: =X101-AB101 -> 56.80221
...

Sheet VALOR SUGERIDO
B1: PLANILHA DE VALORES SUGERIDOS FOB
A3: CÓDIGO | B3: Máquinas de Tosa Oster | C3: VALOR PRODUTO | F3: VALOR SUGERIDO | G3: MÍNIMO A VISTA | H3: % MÉDIA
A4: 78006150087 | B4: Máquina de Tosa A6 Slim Preta Bivolt Oster | C4: 1060 | F4: 2070.498 | G4: 1863.4482 | H4: =F4/C4-1 -> 0.9533
A5: 78006123087 | B5: Máquina de Tosa A6 Slim Roxa Purpura Bivolt Oster | C5: 1060 | F5: 2070.498 | G5: 1863.4482 | H5: =F5/C5-1 -> 0.9533
A6: 78006125087 | B6: Máquina de Tosa A6 Slim Patinhas Bivolt Oster | C6: 1085 | F6: 2117.027 | G6: 1905.3243 | H6: =F6/C6-1 -> 0.95117696
A7: 78006126087 | B7: Máquina de Tosa A6 Slim Azul Turquesa Bivolt Oster | C7: 1095 | F7: 2144.958 | G7: 1930.4622 | H7: =F7/C7-1 -> 0.95886575
A8: CÓDIGO | B8: Lâminas de Tosa Oster | C8: VALOR PRODUTO | F8: VALOR SUGERIDO | G8: MÍNIMO A VISTA | H8: % MÉDIA
A9: 78919006003 | B9: Lâmina de Tosa 50 Baixa Oster | C9: 159 | F9: 295.936 | G9: 266.3424 | H9: =F9/C9-1 -> 0.8612327
A10: 78919016003 | B10: Lâmina de Tosa 40 Baixa Oster | C10: 159 | F10: 295.936 | G10: 266.3424 | H10: =F10/C10-1 -> 0.8612327
A11: 78919026003 | B11: Lâmina de Tosa 30 Baixa Oster | C11: 159 | F11: 295.936 | G11: 266.3424 | H11: =F11/C11-1 -> 0.8612327
A12: 78919036003 | B12: Lâmina de Tosa 15 Baixa Oster | C12: 159 | F12: 295.936 | G12: 266.3424 | H12: =F12/C12-1 -> 0.8612327
A13: 78919046003 | B13: Lâmina de Tosa 10 Baixa Oster | C13: 159 | F13: 295.936 | G13: 266.3424 | H13: =F13/C13-1 -> 0.8612327
A14: 78919166003 | B14: Lâmina de Tosa 7F Média Oster | C14: 180 | F14: 334.526 | G14: 301.0734 | H14: =F14/C14-1 -> 0.85847778
A15: 78919106003 | B15: Lâmina de Tosa 5/8 Patinha Média Oster | C15: 180 | F15: 334.526 | G15: 301.0734 | H15: =F15/C15-1 -> 0.85847778
A16: 78919176003 | B16: Lâmina de Tosa 5F Alta Oster | C16: 231 | F16: 428.723 | G16: 385.8507 | H16: =F16/C16-1 -> 0.85594372
A17: 78919186003 | B17: Lâmina de Tosa 4F Alta Oster | C17: 231 | F17: 428.723 | G17: 385.8507 | H17: =F17/C17-1 -> 0.85594372
A18: 78919206003 | B18: Lâmina de Tosa 3F Super Alta Oster | C18: 283 | F18: 526.303 | G18: 473.6727 | H18: =F18/C18-1 -> 0.85972792
A19: CÓDIGO | B19: Máquinas de Tosa Propetz | C19: VALOR PRODUTO A PRAZO | D19: IPI | E19: PRODUTO+IPI | F19: VALOR SUGERIDO | G19: MÍNIMO A VISTA | H19: % MÉDIA
A20: MP3-CF1X-100 | B20: Máquina De Tosa PLUMA Propetz VERDE Profissional, Bivolt | C20: =Planilha2!B3 -> 699 | D20: =FOB!G17 -> 0.13 | E20: =C20*D20+C20 -> 789.87 | F20: 1320.5 | G20: 1181.5 | H20: =F20/E20-1 -> 0.67179409
A21: MP4-SF1P-100 | B21: Máquina De Tosa VOLARE Propetz PRETA Profissional, Bivolt | C21: =Planilha2!B4 -> 1251 | D21: =FOB!G19 -> 0.13 | E21: =C21*D21+C21 -> 1413.63 | F21: 2460.5 | G21: 2201.5 | H21: =F21/C21-1 -> 0.96682654
A22: MP5-510P-100 | B22: Máquina De Tosa PRO7 Propetz PRETA - 5 em 1, Bivolt | C22: =Planilha2!B5 -> 479.61 | D22: =FOB!G20 -> 0.13 | E22: =C22*D22+C22 -> 541.9593 | F22: 1034.55 | G22: 925.65 | H22: =F22/C22-1 -> 1.1570651
A23: MP2-520X-100 | B23: Máquina De Tosa PRO X Propetz VERDE - 4 em 1, Bivolt | C23: =Planilha2!B6 -> 299 | D23: =FOB!G22 -> 0.13 | E23: =C23*D23+C23 -> 337.87 | F23: 569.905 | G23: 509.915 | H23: =F23/C23-1 -> 0.90603679
A24: MP1-320X-100 | B24: Máquina De Tosa PRO X mini Propetz VERDE Acabamento, Bivolt | C24: =Planilha2!B7 -> 166.28 | D24: =FOB!G23 -> 0.13 | E24: =C24*D24+C24 -> 187.8964 | F24: 370.405 | G24: 331.415 | H24: =F24/C24-1 -> 1.227598
A25: 8808-600-000 | B25: Máquina de tosa PRO6 Propetz Preta Profissional Acabamento, Bivolt + Lamina 30 Abs | C25: =Planilha2!B8 -> 448.11 | D25: =FOB!G24 -> 0.13 | E25: =C25*D25+C25 -> 506.3643 | F25: 947.15 | G25: 847.45 | H25: =F25/C25-1 -> 1.1136551
A26: 8808-300-000 | B26: Máquina de tosa MO3 Propetz Azul, Lâmina de Cerâmica, Bivolt | C26: =Planilha2!B9 -> 169.9 | D26: =FOB!G25 -> 0.13 | E26: =C26*D26+C26 -> 191.987 | F26: 312.55 | G26: 279.65 | H26: =F26/C26-1 -> 0.83961154
A27: 8808-320-000 | B27: Máquina de tosa MO3 Propetz Rosa, Lâmina de Cerâmica, Bivolt | C27: =Planilha2!B10 -> 169.9 | D27: =FOB!G26 -> 0.13 | E27: =C27*D27+C27 -> 191.987 | F27: 312.55 | G27: 279.65 | H27: =F27/C27-1 -> 0.83961154
A28: MP6-4CAP-100 | B28: Máquina de tosa MO4 Propetz AZUL, Lâmina de Cerâmica, Bivolt | C28: =Planilha2!B11 -> 189.9 | D28: =FOB!G27 -> 0.13 | E28: =C28*D28+C28 -> 214.587 | F28: 377.15 | G28: 337.45 | H28: =F28/C28-1 -> 0.98604529
A29: MP3-SF2X-100 | B29: Máquina de tosa Pluma EVOLUTION Propetz verde profissional, bivolt | C29: =Planilha2!B12 -> 940.5 | D29: =FOB!G18 -> 0.13 | E29: =C29*D29+C29 -> 1062.765 | F29: 1795.5 | G29: 1606.5 | H29: =F29/C29-1 -> 0.90909091
A30: MP5-610X-100 | B30: Máquina de tosa Pro7 X Propetz verde - 5 em 1, bivolt | C30: =Planilha2!B13 -> 369.55 | D30: =FOB!G21 -> 0.13 | E30: =C30*D30+C30 -> 417.5915 | F30: 806.55 | G30: 721.65 | H30: =F30/C30-1 -> 1.1825193
A31: CÓDIGO | B31: Secadores Aura Propetz | C31: VALOR PRODUTO A PRAZO | D31: IPI | E31: PRODUTO+IPI | F31: VALOR SUGERIDO | G31: MÍNIMO A VISTA | H31: % MÉDIA
A32: SEP1-100X-100 | B32: Secador Aura Propetz 127V | C32: =Planilha2!B15 -> 589 | D32: =FOB!G29 -> 0 | E32: =C32*D32+C32 -> 589 | F32: 1320.5 | G32: 1181.5 | H32: =F32/C32-1 -> 1.2419355
A33: SEP1-100X-200 | B33: Secador Aura Propetz 220V | C33: =Planilha2!B16 -> 589 | D33: =FOB!G30 -> 0 | E33: =C33*D33+C33 -> 589 | F33: 1320.5 | G33: 1181.5 | H33: =F33/C33-1 -> 1.2419355
A34: CÓDIGO | B34: Lâminas de Tosa Propetz - PRO 7 (5 em 1) | C34: VALOR PRODUTO A PRAZO | D34: IPI | E34: PRODUTO+IPI | F34: VALOR SUGERIDO | G34: MÍNIMO A VISTA | H34: % MÉDIA
A35: L3P-CS830-200 | B35: Lâmina de Tosa PRO7 Aço Inox Premium Regulável SLIM Nº 8 a Nº 30 Propetz | C35: =Planilha2!B18 -> 177 | D35: =FOB!G32 -> 0.13 | E35: =C35*D35+C35 -> 200.01 | F35: 303.05 | G35: 271.15 | H35: =F35/C35-1 -> 0.71214689
A36: L3P-CF940-200 | B36: Lâmina de Tosa PRO7 Aço Inox Premium Regulável ULTRA SLIM Nº 9 a Nº 40 Propetz | C36: =Planilha2!B19 -> 177 | D36: =FOB!G33 -> 0.13 | E36: =C36*D36+C36 -> 200.01 | F36: 303.05 | G36: 271.15 | H36: =F36/C36-1 -> 0.71214689
A37: L3X-PS940-100 | B37: Lâmina de Tosa PRO7 PPS Linha X Regulável ULTRA SLIM Nº 9 a Nº 40 Propetz | C37: =Planilha2!B20 -> 99.9 | D37: =FOB!G34 -> 0.13 | E37: =C37*D37+C37 -> 112.887 | F37: 260.205 | G37: 232.815 | H37: =F37/C37-1 -> 1.6046547
A38: L3X-P7F-100 | B38: Lâmina de Tosa PRO7 PPS Linha X 7F Propetz | C38: =Planilha2!B21 -> 149.9 | D38: =FOB!G35 -> 0.13 | E38: =C38*D38+C38 -> 169.387 | F38: 277.305 | G38: 248.115 | H38: =F38/C38-1 -> 0.84993329
A39: L3X-P4F-100 | B39: Lâmina de Tosa PRO7 PPS Linha X 4F Propetz | C39: =Planilha2!B22 -> 192.9 | D39: =FOB!G36 -> 0.13 | E39: =C39*D39+C39 -> 217.977 | F39: 329.555 | G39: 294.865 | H39: =F39/C39-1 -> 0.70842405
A40: L3X-P5F-100 | B40: Lâmina de Tosa PRO7 PPS Linha X 5F Propetz | C40: =Planilha2!B23 -> 99.9 | D40: =FOB!G37 -> 0.13 | E40: =C40*D40+C40 -> 112.887 | F40: 298.205 | G40: 266.815 | H40: =F40/C40-1 -> 1.985035
A41: L3X-P6F-100 | B41: Lâmina de Tosa PRO7 PPS Linha X 6F Propetz | C41: =Planilha2!B24 -> 99.9 | D41: =FOB!G38 -> 0.13 | E41: =C41*D41+C41 -> 112.887 | F41: 287.755 | G41: 257.465 | H41: =F41/C41-1 -> 1.8804304
A42: L3X-P3F-100 | B42: Lâmina de Tosa PRO7 PPS Linha X 3F Propetz | C42: =Planilha2!B25 -> 149.9 | D42: =FOB!G39 -> 0.13 | E42: =C42*D42+C42 -> 169.387 | F42: 355.205 | G42: 317.815 | H42: =F42/C42-1 -> 1.3696131
A43: L3P-CC045-100 | B43: Lâmina de Tosa PRO7 Aço Inox Premium 45 Propetz | C43: =Planilha2!B26 -> 99.9 | D43: =FOB!G40 -> 0.13 | E43: =C43*D43+C43 -> 112.887 | F43: 322.905 | G43: 288.915 | H43: =F43/C43-1 -> 2.2322823
A44: CÓDIGO | B44: Lâminas de Tosa Propetz - PRO 6/ PRO X (4 em 1) | C44: VALOR PRODUTO A PRAZO | D44: IPI | E44: PRODUTO+IPI | F44: VALOR SUGERIDO | G44: MÍNIMO A VISTA | H44: % MÉDIA
A45: L2APROXS-100 | B45: Lâmina de Tosa PPS Linha X Regulável SLIM Nº 9 a Nº 30 Propetz | C45: =Planilha2!B28 -> 87.9 | D45: =FOB!G42 -> 0.13 | E45: =C45*D45+C45 -> 99.327 | F45: 170.05 | G45: 152.15 | H45: =F45/C45-1 -> 0.93458476
A46: L2APROXUS-100 | B46: Lâmina de Tosa PPS LINHA X Regulável ULTRA SLIM Nº 10 a Nº 40 Propetz | C46: =Planilha2!B29 -> 87.9 | D46: =FOB!G43 -> 0.13 | E46: =C46*D46+C46 -> 99.327 | F46: 170.05 | G46: 152.15 | H46: =F46/C46-1 -> 0.93458476
A47: L2AP67F-100 | B47: Lâmina de Tosa PPS Linha X 7F PRO6 Propetz | C47: =Planilha2!B30 -> 125 | D47: =FOB!G44 -> 0.13 | E47: =C47*D47+C47 -> 141.25 | F47: 213.75 | G47: 191.25 | H47: =F47/C47-1 -> 0.71
A48: L2AP64F-100 | B48: Lâmina de Tosa PPS Linha X 4F PRO6 Propetz | C48: =Planilha2!B31 -> 172 | D48: =FOB!G45 -> 0.13 | E48: =C48*D48+C48 -> 194.36 | F48: 293.55 | G48: 262.65 | H48: =F48/C48-1 -> 0.70668605
A49: L2AP65F-100 | B49: Lâmina de Tosa PPS Linha X 5F PRO6 Propetz | C49: =Planilha2!B32 -> 159 | D49: =FOB!G46 -> 0.13 | E49: =C49*D49+C49 -> 179.67 | F49: 271.7 | G49: 243.1 | H49: =F49/C49-1 -> 0.70880503
A50: L2AP63F-100 | B50: Lâmina de Tosa PPS Linha X 3F PRO6 Propetz | C50: =Planilha2!B33 -> 160.3 | D50: =FOB!G47 -> 0.13 | E50: =C50*D50+C50 -> 181.139 | F50: 379.05 | G50: 339.15 | H50: =F50/C50-1 -> 1.3646288
A51: L2AP630XB-200 | B51: Lamina de Tosa PPS Linha X 30 Propetz | C51: =Planilha2!B34 -> 122 | D51: =FOB!G48 -> 0.13 | E51: =C51*D51+C51 -> 137.86 | F51: 217.55 | G51: 194.65 | H51: =F51/C51-1 -> 0.78319672
A52: L2AP630SS-200 | B52: Lamina de Tosa Aço Inox Premium 30 Propetz | C52: =Planilha2!B35 -> 167 | D52: =FOB!G49 -> 0.13 | E52: =C52*D52+C52 -> 188.71 | F52: 293.55 | G52: 262.65 | H52: =F52/C52-1 -> 0.75778443
A53: CÓDIGO | B53: Lâminas de Tosa Propetz - MO 3/PRO 4/PRO X mini | C53: VALOR PRODUTO A PRAZO | D53: IPI | E53: PRODUTO+IPI | F53: VALOR SUGERIDO | G53: MÍNIMO A VISTA | H53: % MÉDIA
A54: L2AP3-100 | B54: Lâmina de Tosa PRO X mini Propetz de Nº0.25mm | C54: =Planilha2!B37 -> 66.9 | D54: =FOB!G51 -> 0.13 | E54: =C54*D54+C54 -> 75.597 | F54: 116.85 | G54: 104.55 | H54: =F54/C54-1 -> 0.74663677
A55: L2AP4-100 | B55: Lâmina de Tosa PRO4 Propetz, N°0,25MM | C55: =Planilha2!B38 -> 79.9 | D55: =FOB!G52 -> 0.13 | E55: =C55*D55+C55 -> 90.287 | F55: 141.55 | G55: 126.65 | H55: =F55/C55-1 -> 0.77158949
A56: L2PMO3-100 | B56: Lâmina de Tosa MO3 Propetz de Nº1.0MM | C56: =Planilha2!B39 -> 72.9 | D56: =FOB!G53 -> 0.13 | E56: =C56*D56+C56 -> 82.377 | F56: 132.05 | G56: 118.15 | H56: =F56/C56-1 -> 0.81138546
A57: CÓDIGO | B57: CORTANTES | C57: =Planilha2!B40 -> 29.9 | D57: IPI | E57: PRODUTO+IPI | F57: VALOR SUGERIDO | G57: MÍNIMO A VISTA | H57: % MÉDIA
A58: CL1CP-100 | B58: Cortante de Cerâmica Lâminas Propetz Para lâminas n.40 e n.50 | C58: =Planilha2!B41 -> 29.9 | D58: =FOB!G55 -> 0.13 | E58: =C58*D58+C58 -> 33.787 | F58: 56.905 | G58: 50.915 | H58: =F58/C58-1 -> 0.90317726
A59: C1LRP-100 | B59: Cortante de Cerâmica Lâminas Propetz Para lâminas n.10,30,15,3F,4F,5F e 7F | C59: =Planilha2!B42 -> 29.9 | D59: =FOB!G56 -> 0.13 | E59: =C59*D59+C59 -> 33.787 | F59: 56.905 | G59: 50.915 | H59: =F59/C59-1 -> 0.90317726
A60: C3L51P-100 | B60: Cortante de Cerâmica para Lâminas PRO7 Propetz | C60: =Planilha2!B42 -> 29.9 | D60: =FOB!G57 -> 0.13 | E60: =C60*D60+C60 -> 33.787 | F60: 56.905 | G60: 50.915 | H60: =F60/C60-1 -> 0.90317726
A61: CÓDIGO | B61: Lâminas de Tosa SUPER Premium TITANIUM Propetz | C61: VALOR PRODUTO A PRAZO | D61: IPI | E61: PRODUTO+IPI | F61: VALOR SUGERIDO | G61: MÍNIMO PERMITIDO | H61: % MÉDIA
A62: L1SP-T09-200 | B62: Lâmina De Tosa 9 Titanium Super Premium Propetz | C62: =Planilha2!B44 -> 169.31 | D62: =FOB!G59 -> 0.13 | E62: =C62*D62+C62 -> 191.3203 | F62: 274.55 | G62: 245.65 | H62: =F62/C62-1 -> 0.62158171
A63: L1SP-T10-200 | B63: Lâmina De Tosa 10 Titanium Super Premium Propetz | C63: =Planilha2!B46 -> 164.7 | D63: =FOB!G60 -> 0.13 | E63: =C63*D63+C63 -> 186.111 | F63: 274.55 | G63: 245.65 | H63: =F63/C63-1 -> 0.66697025
A64: L1SP-T15-200 | B64: Lâmina De Tosa 15 Titanium Super Premium Propetz | C64: =Planilha2!B46 -> 164.7 | D64: =FOB!G61 -> 0.13 | E64: =C64*D64+C64 -> 186.111 | F64: 274.55 | G64: 245.65 | H64: =F64/C64-1 -> 0.66697025
A65: L1SP-T30-200 | B65: Lâmina De Tosa 30 Titanium Super Premium Propetz | C65: =Planilha2!B48 -> 159.9 | D65: =FOB!G62 -> 0.13 | E65: =C65*D65+C65 -> 180.687 | F65: 274.55 | G65: 245.65 | H65: =F65/C65-1 -> 0.71701063
A66: L1SP-T40-200 | B66: Lâmina De Tosa 40 Titanium Super Premium Propetz | C66: =Planilha2!B49 -> 166.24 | D66: =FOB!G63 -> 0.13 | E66: =C66*D66+C66 -> 187.8512 | F66: 293.55 | G66: 262.65 | H66: =F66/C66-1 -> 0.7658205
A67: L1SP-T50-200 | B67: Lâmina De Tosa 50 Titanium Super Premium Propetz | C67: =Planilha2!B49 -> 166.24 | D67: =FOB!G64 -> 0.13 | E67: =C67*D67+C67 -> 187.8512 | F67: 274.55 | G67: 245.65 | H67: =F67/C67-1 -> 0.65152791
A68: L1SP-T4F-200 | B68: Lâmina De Tosa 4F Titanium Super Premium Propetz | C68: =Planilha2!B51 -> 211.88 | D68: =FOB!G65 -> 0.13 | E68: =C68*D68+C68 -> 239.4244 | F68: 407.55 | G68: 364.65 | H68: =F68/C68-1 -> 0.92349443
A69: L1SP-T7F-200 | B69: Lâmina De Tosa 7F Titanium Super Premium Propetz | C69: =Planilha2!B52 -> 179 | D69: =FOB!G67 -> 0.13 | E69: =C69*D69+C69 -> 202.27 | F69: 322.05 | G69: 288.15 | H69: =F69/C69-1 -> 0.79916201
A70: CÓDIGO | B70: Lâminas de Tosa Premium AÇO INOX Propetz | C70: VALOR PRODUTO A PRAZO | D70: IPI | E70: PRODUTO+IPI | F70: VALOR SUGERIDO | G70: MÍNIMO A VISTA | H70: % MÉDIA
A71: L2P-C10-100 | B71: Lâmina De Tosa 10 Aço Inox Premium Propetz | C71: =Planilha2!#REF! -> #REF! | D71: =FOB!G70 -> 0.13 | E71: =C71*D71+C71 -> #REF! | F71: 236.55 | G71: 211.65 | H71: =F71/C71-1 -> #REF!
A72: L2P-C30-100 | B72: Lâmina De Tosa 30 Aço Inox Premium Propetz | C72: =Planilha2!B55 -> 117.04 | D72: =FOB!G71 -> 0.13 | E72: =C72*D72+C72 -> 132.2552 | F72: 236.55 | G72: 211.65 | H72: =F72/C72-1 -> 1.0211039
A73: L2P-C40-100 | B73: Lâmina De Tosa 40 Aço Inox Premium Propetz | C73: =Planilha2!B56 -> 131.12 | D73: =FOB!G72 -> 0.13 | E73: =C73*D73+C73 -> 148.1656 | F73: 255.55 | G73: 228.65 | H73: =F73/C73-1 -> 0.94897804
A74: L2P-C4F-100 | B74: Lâmina De Tosa 4F Aço Inox Premium Propetz | C74: =Planilha2!B58 -> 189.2 | D74: =FOB!G74 -> 0.13 | E74: =C74*D74+C74 -> 213.796 | F74: 369.55 | G74: 330.65 | H74: =F74/C74-1 -> 0.9532241
A75: L2P-C5F-100 | B75: Lâmina De Tosa 5F Aço Inox Premium Propetz | C75: =Planilha2!B59 -> 150.48 | D75: =FOB!G75 -> 0.13 | E75: =C75*D75+C75 -> 170.0424 | F75: 312.55 | G75: 279.65 | H75: =F75/C75-1 -> 1.0770202
A76: L2P-C7F-100 | B76: Lâmina De Tosa 7F Aço Inox Premium Propetz | C76: =Planilha2!B60 -> 144.32 | D76: =FOB!G76 -> 0.13 | E76: =C76*D76+C76 -> 163.0816 | F76: 293.55 | G76: 262.65 | H76: =F76/C76-1 -> 1.0340216
A77: CÓDIGO | B77: Kit de Adaptadores Propetz | C77: VALOR PRODUTO A PRAZO | D77: IPI | E77: PRODUTO+IPI | F77: VALOR SUGERIDO | G77: MÍNIMO A VISTA | H77: % MÉDIA
A78: KAI1P-100 | B78: Kit de Adaptadores de Inox Propetz Profissional 08 Peças | C78: =Planilha2!B62 -> 186.11 | D78: =FOB!G78 -> 0.13 | E78: =C78*D78+C78 -> 210.3043 | F78: 313.405 | G78: 280.415 | H78: =F78/C78-1 -> 0.68397722
A79: KAI2P-100 | B79: Kit de Adaptadores de Inox Propetz Máquinas 5 em 1 / 4 em 1 08 Peças | C79: =Planilha2!B63 -> 187.72 | D79: =FOB!G79 -> 0.13 | E79: =C79*D79+C79 -> 212.1236 | F79: 332.405 | G79: 297.415 | H79: =F79/C79-1 -> 0.77074899
A80: CÓDIGO | B80: Escovas Propetz | C80: VALOR PRODUTO A PRAZO | D80: IPI | E80: PRODUTO+IPI | F80: VALOR SUGERIDO | G80: MÍNIMO A VISTA | H80: % MÉDIA
A81: C1SBGA-100 | B81: Escova Pinos s/ Bolinha Grande Azul Propetz | C81: =Planilha2!B65 -> 38.9 | D81: =FOB!G81 -> 0 | E81: =C81*D81+C81 -> 38.9 | F81: 151.05 | G81: 135.15 | H81: =F81/C81-1 -> 2.8830334
A82: C1SBMA-100 | B82: Escova Pinos s/ Bolinha Média Azul Propetz | C82: =Planilha2!B66 -> 42.58 | D82: =FOB!G82 -> 0 | E82: =C82*D82+C82 -> 42.58 | F82: 122.55 | G82: 109.65 | H82: =F82/C82-1 -> 1.8781118
A83: C1EP-GSBD-200 | B83: Escova Premium Pinos S/ bolinha Grande Black Propetz | C83: =Planilha2!B67 -> 42.58 | D83: =FOB!G83 -> 0 | E83: =C83*D83+C83 -> 42.58 | F83: 93.005 | G83: 83.215 | H83: =F83/C83-1 -> 1.1842414
A84: C1EP-MSBD-200 | B84: Escova Premium Pinos S/ bolinha Média Black Propetz | C84: =Planilha2!B68 -> 37.9 | D84: =FOB!G84 -> 0 | E84: =C84*D84+C84 -> 37.9 | F84: 83.505 | G84: 74.715 | H84: =F84/C84-1 -> 1.2032982
A85: C1EBA-100X-100 | B85: Escova de Banho Propetz | C85: =Planilha2!B69 -> 18 | D85: =FOB!G85 -> 0 | E85: =C85*D85+C85 -> 18 | F85: 56.05 | G85: 50.15 | H85: =F85/C85-1 -> 2.1138889
A86: CÓDIGO | B86: Rasqueadeiras Propetz | C86: VALOR PRODUTO A PRAZO | D86: IPI | E86: PRODUTO+IPI | F86: VALOR SUGERIDO | G86: MÍNIMO A VISTA | H86: % MÉDIA
A87: E1RPGD-200 | B87: Rasqueadeira Premium Reta Grande Pinos Firmes Black Propetz | C87: =Planilha2!B71 -> 53.9 | D87: =FOB!G87 -> 0 | E87: =C87*D87+C87 -> 53.9 | F87: 103.55 | G87: 92.65 | H87: =F87/C87-1 -> 0.92115028
A88: E1RP-GDPM-200 | B88: Rasqueadeira Premium Reta Grande Pinos Macio Black Propetz | C88: =Planilha2!B72 -> 47.9 | D88: =FOB!G88 -> 0 | E88: =C88*D88+C88 -> 47.9 | F88: 80.655 | G88: 72.165 | H88: =F88/C88-1 -> 0.68382046
A89: E1CP-MD-PLD-200 | B89: Rasqueadeira Premium Curva Média Pinos Longos Black Propetz | C89: =Planilha2!B73 -> 47.9 | D89: =FOB!G89 -> 0 | E89: =C89*D89+C89 -> 47.9 | F89: 88.255 | G89: 78.965 | H89: =F89/C89-1 -> 0.84248434
A90: E1CP-MD-PLR-200 | B90: Rasqueadeira Premium Curva Média Pinos Longos Regulares Black Propetz | C90: =Planilha2!B74 -> 29.9 | D90: =FOB!G90 -> 0 | E90: =C90*D90+C90 -> 29.9 | F90: 75.905 | G90: 67.915 | H90: =F90/C90-1 -> 1.5386288
A91: E1CGA-200 | B91: Rasqueadeira Clássica Reta Grande Azul Propetz | C91: =Planilha2!B75 -> 38.48 | D91: =FOB!G91 -> 0 | E91: =C91*D91+C91 -> 38.48 | F91: 74.955 | G91: 67.065 | H91: =F91/C91-1 -> 0.94789501
A92: E1CMA-200 | B92: Rasqueadeira Clássica Reta Média Azul Propetz | C92: =Planilha2!B76 -> 30.9 | D92: =FOB!G92 -> 0 | E92: =C92*D92+C92 -> 30.9 | F92: 72.105 | G92: 64.515 | H92: =F92/C92-1 -> 1.3334951
A93: E1CPA-200 | B93: Rasqueadeira Clássica Reta Micro Azul Propetz | C93: =Planilha2!#REF! -> #REF! | D93: =FOB!G93 -> 0 | E93: =C93*D93+C93 -> #REF! | F93: 52.155 | G93: 46.665 | H93: =F93/C93-1 -> #REF!
A94: E1RBGA-200 | B94: Rasqueadeira Reta c/ Bolinha Grande Azul Propetz | C94: =Planilha2!B77 -> 40.9 | D94: =FOB!G93 -> 0 | E94: =C94*D94+C94 -> 40.9 | F94: 75.905 | G94: 67.915 | H94: =F94/C94-1 -> 0.85586797
A95: E1RBMA-100 | B95: Rasqueadeira Reta c/ Bolinha Média Azul Propetz | C95: =Planilha2!B78 -> 37.3 | D95: =FOB!G94 -> 0 | E95: =C95*D95+C95 -> 37.3 | F95: 72.105 | G95: 64.515 | H95: =F95/C95-1 -> 0.93310992
A96: E1CBGA-200 | B96: Rasqueadeira Curva c/ Bolinha Grande Azul Propetz | C96: =Planilha2!B79 -> 43.9 | D96: =FOB!G95 -> 0 | E96: =C96*D96+C96 -> 43.9 | F96: 80.655 | G96: 72.165 | H96: =F96/C96-1 -> 0.83724374
A97: E1CBMA-200 | B97: Rasqueadeira Curva c/ Bolinha Média Azul Propetz | C97: =Planilha2!B80 -> 39.9 | D97: =FOB!G96 -> 0 | E97: =C97*D97+C97 -> 39.9 | F97: 74.955 | G97: 67.065 | H97: =F97/C97-1 -> 0.87857143
A98: E1GCA-200 | B98: Rasqueadeira Curva Grande Azul Propetz | C98: =Planilha2!B81 -> 34.9 | D98: =FOB!G97 -> 0 | E98: =C98*D98+C98 -> 34.9 | F98: 78.755 | G98: 70.465 | H98: =F98/C98-1 -> 1.2565903
A99: E1FPGA-100 | B99: Rasqueadeira Flexível Pinos Longos Macio Azul Propetz | C99: =Planilha2!B82 -> 45.9 | D99: =FOB!G98 -> 0 | E99: =C99*D99+C99 -> 45.9 | F99: 85.405 | G99: 76.415 | H99: =F99/C99-1 -> 0.86067538
A100: E1MCA-200 | B100: Rasqueadeira Curva Média Azul Propetz (NOVO CABO) | C100: =Planilha2!B83 -> 33.86 | D100: =FOB!G99 -> 0 | E100: =C100*D100+C100 -> 33.86 | F100: 71.155 | G100: 63.665 | H100: =F100/C100-1 -> 1.1014471
A101: CÓDIGO | B101: Pentes Propetz | C101: VALOR PRODUTO A PRAZO | D101: IPI | E101: PRODUTO+IPI | F101: VALOR SUGERIDO | G101: MÍNIMO A VISTA | H101: % MÉDIA
...

Sheet Planilha1
A1: REFERENCIA | B1: DESCRIÇÃO | C1: VALOR FOB | D1: VALOR CIF | E1: FOB DESC A VISTA | F1: CIF A PRAZO | G1: FOB A PRAZO | H1: DESCONTO CALCULADO | I1: FOB A VISTA | J1: CIF A PRAZO | K1: CIF A VISTA
A2: MP1-320X-100 | B2: Pro X Mini | C2: 159.9 | E2: 0.05 | F2: 0.035 | G2: =C2 -> 159.9 | H2: =C2*E2 -> 7.995 | I2: =C2-H2 -> 151.905 | J2: =C2+C2*F2 -> 165.4965 | K2: =C2-H2 -> 151.905
A3: L1SP-T50-200 | B3: Lâmina 50 Super Premium Titanium | C3: 157.93085 | E3: 0.05 | F3: 0.035 | G3: =C3 -> 157.93085 | H3: =C3*E3 -> 7.8965425 | I3: =C3-H3 -> 150.03431 | J3: =C3+C3*F3 -> 163.45843 | K3: =C3-H3 -> 150.03431
A4: L1SP-T40-200 | B4: Lâmina 40 Super Premium Titanium | C4: 162.3094 | E4: 0.05 | F4: 0.035 | G4: =C4 -> 162.3094 | H4: =C4*E4 -> 8.11547 | I4: =C4-H4 -> 154.19393 | J4: =C4+C4*F4 -> 167.99023 | K4: =C4-H4 -> 154.19393
A5: L1SP-T30-200 | B5: Lâmina 30 Super Premium Titanium | C5: 157.93085 | E5: 0.05 | F5: 0.035 | G5: =C5 -> 157.93085 | H5: =C5*E5 -> 7.8965425 | I5: =C5-H5 -> 150.03431 | J5: =C5+C5*F5 -> 163.45843 | K5: =C5-H5 -> 150.03431
A6: L1SP-T15-200 | B6: Lâmina 15 Super Premium Titanium | C6: 156.46785 | E6: 0.05 | F6: 0.035 | G6: =C6 -> 156.46785 | H6: =C6*E6 -> 7.8233925 | I6: =C6-H6 -> 148.64446 | J6: =C6+C6*F6 -> 161.94422 | K6: =C6-H6 -> 148.64446
A7: L1SP-T10-200 | B7: Lâmina 10 Super Premium Titanium | C7: 157.93085 | E7: 0.05 | F7: 0.035 | G7: =C7 -> 157.93085 | H7: =C7*E7 -> 7.8965425 | I7: =C7-H7 -> 150.03431 | J7: =C7+C7*F7 -> 163.45843 | K7: =C7-H7 -> 150.03431
A8: L1SP-T09-200 | B8: Lâmina 09 Super Premium Titanium | C8: 160.8464 | E8: 0.05 | F8: 0.035 | G8: =C8 -> 160.8464 | H8: =C8*E8 -> 8.04232 | I8: =C8-H8 -> 152.80408 | J8: =C8+C8*F8 -> 166.47602 | K8: =C8-H8 -> 152.80408
A9: L1SP-T7F-200 | B9: Lâmina 7F Super Premium Titanium | C9: 177.86945 | E9: 0.05 | F9: 0.035 | G9: =C9 -> 177.86945 | H9: =C9*E9 -> 8.8934725 | I9: =C9-H9 -> 168.97598 | J9: =C9+C9*F9 -> 184.09488 | K9: =C9-H9 -> 168.97598
A10: L1SP-T5F-200 | B10: Lâmina 5F Super Premium Titanium | C10: 201.2879 | E10: 0.05 | F10: 0.035 | G10: =C10 -> 201.2879 | H10: =C10*E10 -> 10.064395 | I10: =C10-H10 -> 191.22351 | J10: =C10+C10*F10 -> 208.33298 | K10: =C10-H10 -> 191.22351
A11: L1SP-T4F-200 | B11: Lâmina 4F Super Premium Titanium | C11: 231.154 | E11: 0.05 | F11: 0.035 | G11: =C11 -> 231.154 | H11: =C11*E11 -> 11.5577 | I11: =C11-H11 -> 219.5963 | J11: =C11+C11*F11 -> 239.24439 | K11: =C11-H11 -> 219.5963
A12: L1SP-T3F-200 | B12: Lâmina 3F Super Premium Titanium | C12: 271.38042 | E12: 0.05 | F12: 0.035 | G12: =C12 -> 271.38042 | H12: =C12*E12 -> 13.569021 | I12: =C12-H12 -> 257.8114 | J12: =C12+C12*F12 -> 280.87873 | K12: =C12-H12 -> 257.8114
A13: L2P-C50-100 | B13: EXTREME-EDGE 50# BLADE - Linha Premium | C13: 141.73335 | E13: 0.05 | F13: 0.035 | G13: =C13 -> 141.73335 | H13: =C13*E13 -> 7.0866675 | I13: =C13-H13 -> 134.64668 | J13: =C13+C13*F13 -> 146.69402 | K13: =C13-H13 -> 134.64668
... A60: 3PR-7TP-100 | B60: TESOURA PROFISSIONAL TUBARÃO 440C 7” PREMIUM – PROPETZ | C60: 179.9 | E60: 0.05 | F60: 0.035 | G60: =C60 -> 179.9 | H60: =C60*E60 -> 8.995 | I60: =C60-H60 -> 170.905 | J60: =C60+C60*F60 -> 186.1965 | K60: =C60-H60 -> 170.905

Sheet Planilha2
B1: PRAZO | C1: PRAZO - 5%
A2: Máquinas de Tosa Propetz | B2: VALOR DO PRODUTO | C2: VALOR DO PRODUTO | D2: CÓDIGO
A3: Máquina De Tosa PLUMA Propetz VERDE Profissional, Bivolt (LANÇAMENTO) | B3: 699 | C3: =-B3*5%+B3 -> 664.05 | D3: MP3-CF1X-100
A4: Máquina De Tosa VOLARE Propetz preta Profissional, Bivolt (LANÇAMENTO) | B4: 1251 | C4: =-B4*5%+B4 -> 1188.45 | D4: MP4-SF1P-100
A5: Máquina De Tosa PRO7 Propetz PRETA - 5 em 1, Bivolt (LANÇAMENTO) | B5: 479.61 | C5: =-B5*5%+B5 -> 455.6295 | D5: MP5-510P-100
A6: Máquina De Tosa PRO X Propetz VERDE - 4 em 1, Bivolt (LANÇAMENTO) | B6: 299 | C6: =-B6*5%+B6 -> 284.05 | D6: MP2-520X-100
A7: Máquina De Tosa PRO X mini Propetz VERDE Acabamento, Bivolt (LANÇAMENTO) | B7: 166.28 | C7: =-B7*5%+B7 -> 157.966 | D7: MP1-320X-100
A8: Máquina de tosa PRO6 Propetz PRETA Profissional Acabamento, Bivolt | B8: 448.11 | C8: =-B8*5%+B8 -> 425.7045 | D8: 8808-600-000
A9: Máquina de tosa MO3 Propetz PINK , Lâmina de Cerâmica, Bivolt | B9: 169.9 | C9: =-B9*5%+B9 -> 161.405 | D9: 8808-320-000
A10: Máquina de tosa MO3 Propetz AZUL, Lâmina de Cerâmica, Bivolt | B10: 169.9 | C10: =-B10*5%+B10 -> 161.405 | D10: 8808-300-000
A11: Máquina de tosa MO4 Propetz AZUL, Lâmina de Cerâmica, Bivolt | B11: 189.9 | C11: =-B11*5%+B11 -> 180.405 | D11: MP6-4CAP-100
A12: Máquina de tosa Pluma EVOLUTION Propetz verde profissional, bivolt | B12: 940.5 | C12: =-B12*5%+B12 -> 893.475 | D12: MP3-SF2X-100
A13: Máquina de tosa Pro7 X Propetz preta - 5 em 1, bivolt | B13: 369.55 | C13: =-B13*5%+B13 -> 351.0725 | D13: MP5-610X-100
A14: Secadores Aura Propetz | B14: FOB A PRAZO | C14: VALOR DO PRODUTO | D14: CÓDIGO
A15: Secador Aura Propetz 127V | B15: 589 | C15: =-B15*5%+B15 -> 559.55 | D15: SEP1-100X-100
A16: Secador Aura Propetz 220V | B16: 589 | C16: =-B16*5%+B16 -> 559.55 | D16: SEP1-100X-200
A17: Lâminas de Tosa Propetz - PRO 7 (5 em 1) | B17: FOB A PRAZO | C17: VALOR DO PRODUTO | D17: CÓDIGO
A18: Lâmina de Tosa Aço Inox Premium Regulável SLIM Nº 8 a Nº 30 Propetz (LANÇAMENTO) | B18: 177 | C18: =-B18*5%+B18 -> 168.15 | D18: L3P-CS830-200
A19: Lâmina de Tosa Aço Inox Premium Regulável ULTRA SLIM Nº 9 a Nº 40 Propetz (LANÇAMENTO) | B19: 177 | C19: =-B19*5%+B19 -> 168.15 | D19: L3P-CF940-200
A20: Lâmina de Tosa PPS Linha X Regulável ULTRA SLIM Nº 9 a Nº 40 Propetz (LANÇAMENTO) | B20: 99.9 | C20: =-B20*5%+B20 -> 94.905 | D20: L3X-PS940-100
A21: Lâmina de Tosa PPS Linha X 7F Propetz (LANÇAMENTO) | B21: 149.9 | C21: =-B21*5%+B21 -> 142.405 | D21: L3X-P7F-100
A22: Lâmina de Tosa PPS Linha X 4F Propetz (LANÇAMENTO) | B22: 192.9 | C22: =-B22*5%+B22 -> 183.255 | D22: L3X-P4F-100
A23: Lâmina de Tosa PPS Linha X 5F Propetz (LANÇAMENTO) | B23: 99.9 | C23: =-B23*5%+B23 -> 94.905 | D23: L3X-P5F-100
A24: Lâmina de Tosa PPS Linha X 6F Propetz (LANÇAMENTO) | B24: 99.9 | C24: =-B24*5%+B24 -> 94.905 | D24: L3X-P6F-100
A25: Lâmina de Tosa PPS Linha X 3F Propetz (LANÇAMENTO) | B25: 149.9 | C25: =-B25*5%+B25 -> 142.405 | D25: L3X-P3F-100
A26: Lâmina de Tosa Aço Inox Premium 45 Propetz (LANÇAMENTO) | B26: 99.9 | C26: =-B26*5%+B26 -> 94.905 | D26: L3P-CC045-100
A27: Lâminas de Tosa Propetz - PRO 6/PRO X (4 em 1) | B27: FOB A PRAZO | C27: VALOR DO PRODUTO | D27: CÓDIGO
A28: Lâmina de Tosa PPS Linha X Regulável SLIM Nº 9 a Nº 30 Propetz | B28: 87.9 | C28: =-B28*5%+B28 -> 83.505 | D28: L2APROXS-100
A29: Lâmina de Tosa PPS LINHA X Regulável ULTRA SLIM Nº 10 a Nº 40 Propetz | B29: 87.9 | C29: =-B29*5%+B29 -> 83.505 | D29: L2APROXUS-100
A30: Lâmina de Tosa PPS Linha X 7F PRO6 Propetz | B30: 125 | C30: =-B30*5%+B30 -> 118.75 | D30: L2AP67F-100
A31: Lâmina de Tosa PPS Linha X 4F PRO6 Propetz | B31: 172 | C31: =-B31*5%+B31 -> 163.4 | D31: L2AP64F-100
A32: Lâmina de Tosa PPS Linha X 5F PRO6 Propetz | B32: 159 | C32: =-B32*5%+B32 -> 151.05 | D32: L2AP65F-100
A33: Lâmina de Tosa PPS Linha X 3F PRO6 Propetz | B33: 160.3 | C33: =-B33*5%+B33 -> 152.285 | D33: L2AP63F-100
A34: Lamina de Tosa PPS Linha X 30 Propetz | B34: 122 | C34: =-B34*5%+B34 -> 115.9 | D34: L2AP630XB-200
A35: Lamina de Tosa Aço Inox Premium 30 Propetz | B35: 167 | C35: =-B35*5%+B35 -> 158.65 | D35: L2AP630SS-200
A36: Lâminas de Tosa Propetz - MO 3/PRO 4/PRO X mini | B36: FOB A PRAZO | C36: VALOR DO PRODUTO | D36: CÓDIGO
A37: Lâmina de Tosa PRO X mini Propetz de Nº0.25mm (LANÇAMENTO) | B37: 66.9 | C37: =-B37*5%+B37 -> 63.555 | D37: L2AP3-100
A38: Lâmina de Tosa PRO4 Propetz, N°0,25mm | B38: 79.9 | C38: =-B38*5%+B38 -> 75.905 | D38: L2AP4-100
A39: Lâmina de Tosa MO3 Propetz de Nº1.0mm | B39: 72.9 | C39: =-B39*5%+B39 -> 69.255 | D39: L2PMO3-100
A40: Cortante I de Cerâmica Lâminas Propetz - Para lâminas n.40 e n.50 | B40: 29.9 | C40: =-B40*5%+B40 -> 28.405 | D40: CL1CP-100
A41: Cortante II de Cerâmica Lâminas Propetz - Para lâminas n.10,15,30,3F,4F,5F e 7F | B41: 29.9 | C41: =-B41*5%+B41 -> 28.405 | D41: C1LRP-100
A42: Cortante de Cerâmica para Lâminas PRO7 Propetz | B42: 29.9 | C42: =-B42*5%+B42 -> 28.405 | D42: C3L51P-100
A43: Lâminas de Tosa SUPER Premium TITANIUM Propetz | B43: FOB A PRAZO | C43: VALOR DO PRODUTO | D43: CÓDIGO
A44: Lâmina De Tosa 9 Titanium Super Premium Propetz (LANÇAMENTO) | B44: 169.31 | C44: =-B44*5%+B44 -> 160.8445 | D44: L1SP-T09-200
A45: Lâmina De Tosa 10 Titanium Super Premium Propetz | B45: 147 | C45: =-B45*5%+B45 -> 139.65 | D45: L1SP-T10-200
A46: Lâmina De Tosa 15 Titanium Super Premium Propetz (LANÇAMENTO) | B46: 164.7 | C46: =-B46*5%+B46 -> 156.465 | D46: L1SP-T15-200
A47: Lâmina De Tosa 30 Titanium Super Premium Propetz | B47: 147 | C47: =-B47*5%+B47 -> 139.65 | D47: L1SP-T30-200
A48: Lâmina De Tosa 40 Titanium Super Premium Propetz | B48: 159.9 | C48: =-B48*5%+B48 -> 151.905 | D48: L1SP-T40-200
A49: Lâmina De Tosa 50 Titanium Super Premium Propetz (LANÇAMENTO) | B49: 166.24 | C49: =-B49*5%+B49 -> 157.928 | D49: L1SP-T50-200
A50: Lâmina De Tosa 4F Titanium Super Premium Propetz | B50: 232 | C50: =-B50*5%+B50 -> 220.4 | D50: L1SP-T4F-200
A51: Lâmina De Tosa 5F Titanium Super Premium Propetz (LANÇAMENTO) | B51: 211.88 | C51: =-B51*5%+B51 -> 201.286 | D51: L1SP-T5F-200
A52: Lâmina De Tosa 7F Titanium Super Premium Propetz | B52: 179 | C52: =-B52*5%+B52 -> 170.05 | D52: L1SP-T7F-200
A53: Lâminas de Tosa Premium AÇO INOX Propetz | B53: FOB A PRAZO | C53: VALOR DO PRODUTO | D53: CÓDIGO
A54: Lâmina De Tosa 10 Aço Inox Premium Propetz | B54: 117.04 | C54: =-B54*5%+B54 -> 111.188 | D54: L2P-C10-100
A55: Lâmina De Tosa 30 Aço Inox Premium Propetz | B55: 117.04 | C55: =-B55*5%+B55 -> 111.188 | D55: L2P-C30-100
A56: Lâmina De Tosa 40 Aço Inox Premium Propetz | B56: 131.12 | C56: =-B56*5%+B56 -> 124.564 | D56: L2P-C40-100
A57: Lâmina De Tosa 50 Aço Inox Premium Propetz (LANÇAMENTO) | B57: 79 | C57: =-B57*5%+B57 -> 75.05 | D57: L2P-C50-100
A58: Lâmina De Tosa 4F Aço Inox Premium Propetz | B58: 189.2 | C58: =-B58*5%+B58 -> 179.74 | D58: L2P-C4F-100
A59: Lâmina De Tosa 5F Aço Inox Premium Propetz (LANÇAMENTO) | B59: 150.48 | C59: =-B59*5%+B59 -> 142.956 | D59: L2P-C5F-100
A60: Lâmina De Tosa 7F Aço Inox Premium Propetz | B60: 144.32 | C60: =-B60*5%+B60 -> 137.104 | D60: L2P-C7F-100
A61: Kit de Adaptadores Propetz | B61: FOB A PRAZO | C61: VALOR DO PRODUTO | D61: CÓDIGO
A62: Kit de Adaptadores de Inox Propetz Laminas Profissionais 08 Peças | B62: 186.11 | C62: =-B62*5%+B62 -> 176.8045 | D62: KAI1P-100
A63: Kit de Adaptadores de Inox Propetz Máquinas 5 em 1 / 4 em 1 08 Peças + Lamina n.30 | B63: 187.72 | C63: =-B63*5%+B63 -> 178.334 | D63: KAI2P-100
A64: Escovas Propetz | B64: FOB A PRAZO | C64: VALOR DO PRODUTO | D64: CÓDIGO
A65: Escova Pinos s/ Bolinha Grande Azul Propetz | B65: 38.9 | C65: =-B65*5%+B65 -> 36.955 | D65: C1SBGA-100
A66: Escova Pinos s/ Bolinha Média Azul Propetz | B66: 42.58 | C66: =-B66*5%+B66 -> 40.451 | D66: C1SBMA-100
A67: Escova Premium Pinos s/ Bolinha Média Black Propetz | B67: 42.58 | C67: =-B67*5%+B67 -> 40.451 | D67: C1EP-MSBD-200
A68: Escova Premium Pinos s/ Bolinha Grande Black Propetz | B68: 37.9 | C68: =-B68*5%+B68 -> 36.005 | D68: C1EP-GSBD-200
A69: Escova de Banho Propetz | B69: 18 | C69: =-B69*5%+B69 -> 17.1 | D69: C1EBA-100X-100
A70: Rasqueadeiras Propetz | B70: FOB A PRAZO | C70: VALOR DO PRODUTO | D70: CÓDIGO
A71: Rasqueadeira Premium Reta Grande Pinos Firmes Black Propetz | B71: 53.9 | C71: =-B71*5%+B71 -> 51.205 | D71: E1RPGD-200
A72: Rasqueadeira Premium Reta Grande Pinos Macio Black Propetz | B72: 47.9 | C72: =-B72*5%+B72 -> 45.505 | D72: E1RP-GDPM-200
A73: Rasqueadeira Premium Curva Media Pinos Longos Firmes Black Propetz | B73: 47.9 | C73: =-B73*5%+B73 -> 45.505 | D73: E1CP-MD-PLD-200
A74: Rasqueadeira Premium Curva Media Pinos Longos Regulares Black Propetz | B74: 29.9 | C74: =-B74*5%+B74 -> 28.405 | D74: E1CP-MD-PLR-200
A75: Rasqueadeira Clássica Reta Grande Azul Propetz | B75: 38.48 | C75: =-B75*5%+B75 -> 36.556 | D75: E1CGA-200
A76: Rasqueadeira Clássica Reta Média Azul Propetz | B76: 30.9 | C76: =-B76*5%+B76 -> 29.355 | D76: E1CMA-200
A77: Rasqueadeira Reta c/ Bolinha Grande Azul Propetz | B77: 40.9 | C77: =-B77*5%+B77 -> 38.855 | D77: E1RBGA-200
A78: Rasqueadeira Reta c/ Bolinha Média Azul Propetz | B78: 37.3 | C78: =-B78*5%+B78 -> 35.435 | D78: E1RBMA-100
A79: Rasqueadeira Curva c/ Bolinha Grande Azul Propetz | B79: 43.9 | C79: =-B79*5%+B79 -> 41.705 | D79: E1CBGA-200
A80: Rasqueadeira Curva c/ Bolinha Média Azul Propetz | B80: 39.9 | C80: =-B80*5%+B80 -> 37.905 | D80: E1CBMA-200
A81: Rasqueadeira Curva Grande Azul Propetz | B81: 34.9 | C81: =-B81*5%+B81 -> 33.155 | D81: E1GCA-200
A82: Rasqueadeira Flexível Pinos Longos Macio Azul Propetz | B82: 45.9 | C82: =-B82*5%+B82 -> 43.605 | D82: E1FPGA-100
A83: Rasqueadeira Curva Média Azul Propetz NOVO | B83: 33.86 | C83: =-B83*5%+B83 -> 32.167 | D83: E1MCA-200
A84: Pentes Propetz | B84: FOB A PRAZO | C84: VALOR DO PRODUTO | D84: CÓDIGO
A85: Pente 19cm Duplo Alumínio Azul Propetz | B85: 54.48 | C85: =-B85*5%+B85 -> 51.756 | D85: F119A50-100
A86: Pente 25cm Duplo Alumínio Azul Propetz | B86: 47.476 | C86: =-B86*5%+B86 -> 45.1022 | D86: F125A50-100
A87: Pente 30cm Duplo Alumínio Azul Propetz | B87: 42.9 | C87: =-B87*5%+B87 -> 40.755 | D87: F130A50-100
A88: Pente Penteado de Metal c/ Cabo Azul Propetz | B88: 33.9 | C88: =-B88*5%+B88 -> 32.205 | D88: L1PCPA-200
A89: Pente Penteado de Metal c/ Cabo Azul Propetz NOVO | B89: 37.9 | C89: =-B89*5%+B89 -> 36.005 | D89: L1PXPA-100
A90: Pente p/ Topete Azul Propetz | B90: 9.9 | C90: =-B90*5%+B90 -> 9.405 | D90: L1PPMA-100
A91: Pente de Pulgas c/ Cabo Azul Propetz | B91: 14.9 | C91: =-B91*5%+B91 -> 14.155 | D91: G1PA-200
A92: Tira laços Azul Propetz | B92: 9.9 | C92: =-B92*5%+B92 -> 9.405 | D92: M1TLA-200
A93: Tira Laço Azul Propetz | B93: 9.9 | C93: =-B93*5%+B93 -> 9.405 | D93: M1TLA-200
A94: Pentes Akemi Propetz | B94: FOB A PRAZO | C94: VALOR DO PRODUTO | D94: CÓDIGO
A95: Pente 19cm Akemi Aluminio Propetz | B95: 29.9 | C95: =-B95*5%+B95 -> 28.405 | D95: F119-AKA-100
A96: Pente 19cm Akemi Aço Inox Propetz | B96: 53.9 | C96: =-B96*5%+B96 -> 51.205 | D96: F119-AKI-100
A97: Pente 23cm Akemi Aluminio Propetz | B97: 29.9 | C97: =-B97*5%+B97 -> 28.405 | D97: F125-AKA-100
A98: Pente 23cm Akemi Aço Inox Propetz | B98: 36.9 | C98: =-B98*5%+B98 -> 35.055 | D98: F125-AKI-100
A99: Pente Penteado 18cm Akemi Aço Inox Propetz | B99: 69.9 | C99: =-B99*5%+B99 -> 66.405 | D99: L118-AKI-100
A100: Desemboladores , Rakes, Facas e Escovas Mágicas Propetz | B100: FOB A PRAZO | C100: VALOR DO PRODUTO | D100: CÓDIGO
...

Sheet PROMO
A1: SKU | B1: DESCRIÇÃO | C1: VALOR
A2: 8808-600-000 | B2: PRO 6 SMART DIGITAL DETACHABLE BLADES CLIPPER BLACK | C2: 0 | D2: C2
A3: MP5-510P-100 | B3: PRO 7 preta premium | C3: 0 | D3: C3
A4: MP2-520X-100 | B4: PRO X Azul propetz | C4: 0 | D4: C4
A5: L2APROXS-100 | B5: SLIM BLADES CERAMIC 9#-30#ADVANCE PRO 6 | C5: 0 | D5: C5
A6: L2APROXUS-100 | B6: ULTRA-THIN BLADES CERAMIC 10#-40# ADVANCE PRO 6 | C6: 0 | D6: C6
A7: L2AP630XB-200 | B7: LAM. PRO 30#/10# - X Black | C7: 0 | D7: C7
A8: L2AP630SS-200 | B8: LAM. PRO 30#/10# - Premium Stainless Stell | C8: 0 | D8: C8
A9: L2AP67F-100 | B9: THICK BLADE ONLY FIT PRO6 CLIPPER 7FC (3MM) | C9: 0 | D9: C9
A10: L2AP65F-100 | B10: THICK BLADE ONLY FIT PRO6 CLIPPER 5FC (6MM) | C10: 133.56 | D10: C10
A11: L2AP64F-100 | B11: THICK BLADE ONLY FIT PRO6 CLIPPER 4FC (9MM) | C11: 0 | D11: C11
A12: L2AP63F-100 | B12: THICK BLADE ONLY FIT PRO6 CLIPPER 3FC (12MM) | C12: 160.3 | D12: C12
A13: MP1-320X-100 | B13: Pro X Mini | C13: 0 | D13: C13
... A30: L1SP-T4F-200 | B30: Lâmina 4F Super Premium Titanium | C30: 0 | D30: C30
A31: L1SP-T3F-200 | B31: Lâmina 3F Super Premium Titanium | C31: falso | D31: C31
A32: L2P-C50-100 | B32: EXTREME-EDGE 50# BLADE - Linha Premium | C32: 0 | D32: C32
A33: L2P-C40-100 | B33: EXTREME-EDGE 40# BLADE - Linha Premium | C33: 0 | D33: C33
A34: L2P-C15-100 | B34: EXTREME-EDGE 15 BLADE - Linha Premium | C34: 0 | D34: C34
A35: L2P-C10-100 | B35: EXTREME-EDGE 10 BLADE - Linha Premium | C35: 0 | D35: C35
A36: L2P-C09-100 | B36: EXTREME-EDGE 9 BLADE - Linha Premium | C36: 0 | D36: C36
A37: L2P-C30-100 | B37: EXTREME-EDGE 30 BLADE - Linha Premium | C37: 0 | D37: C37
A38: L2P-C7F-100 | B38: EXTREME-EDGE 7F BLADE - Linha Premium | C38: 0 | D38: C38
A39: L2P-C5F-100 | B39: EXTREME-EDGE 5F BLADE - Linha Premium | C39: 0 | D39: C39
A40: L2P-C4F-100 | B40: EXTREME-EDGE 4F BLADE - Linha Premium | C40: 0 | D40: C40
A41: L2P-C3F-100 | B41: EXTREME-EDGE 3F BLADE - Linha Premium | C41: falso | D41: C41
A42: CHPRO4BLACK | B42: BASE CARREGADORA PARA MAQUINA PRO4 PRETA PROPETZ (sem cabo) | C42: 0 | D42: C42
A43: PLUGPRO4 | B43: CABO ADAPTADOR PARA MAQUINA PRO4 PROPETZ (cabo) | C43: falso | D43: C43
A44: CHPRO6BLACK | B44: BASE CARREGADORA PARA MAQUINA PRO6 PRETA PROPETZ (sem cabo) | C44: 0 | D44: C44
A45: PLUGPRO6 | B45: CABO ADAPTADOR PARA MAQUINA PRO6 PROPETZ (cabo) | C45: 0 | D45: C45
A46: PLASTICBLADE1 | B46: GUIA DE LAMINA TITANIUM PROPETZ | C46: 0 | D46: C46
A47: TENSION1 | B47: MOLA DE LAMINA TITANIUM PROPETZ | C47: 0 | D47: C47
A48: BRACKET1 | B48: SOQUETE PARA LAMINA TITANIUM PROPETZ | C48: 0 | D48: C48
A49: SCREWBLADE1 | B49: PARAFUSO P; LAMINAS TITANIUM PROPETZ | C49: 0 | D49: C49
A50: CORDMO3 | B50: CABO USB MAQUINA MO3 PROPETZ | C50: 0 | D50: C50
A51: 5AK-65CA-100 | B51: TESOURA CURVA 6.5 ALUMÍNIO PROPETZ AKEMI - AZUL | C51: 0 | D51: C51
A52: 5AK-65CR-100 | B52: TESOURA CURVA 6.5 ALUMÍNIO PROPETZ AKEMI - ROSA | C52: 0 | D52: C52
A53: 5AK-70CA-100 | B53: TESOURA CURVA 7 ALUMÍNIO PROPETZ AKEMI - AZUL | C53: 0 | D53: C53
A54: 5AK-70CR-100 | B54: TESOURA CURVA 7 ALUMÍNIO PROPETZ AKEMI - ROSA | C54: 0 | D54: C54
A55: 2CRP-PR-100 | B55: Estojo X para 20 Tesouras Propetz | C55: 0 | D55: C55
... A67: E1GCA-200 | B67: Rasqueadeira Curva Grande Azul Propetz | C67: 0 | D67: C67
A68: E1CBGA-100 | B68: Rasqueadeira Curva c/ Bolinha Grande Azul Propetz | C68: falso | D68: C68
A69: E1CBMA-200 | B69: Rasqueadeira Curva c/ Bolinha Média Azul Propetz | C69: 0 | D69: C69
A70: E1RBGA-200 | B70: Rasqueadeira Reta c/ Bolinha Grande Azul Propetz | C70: 0 | D70: C70
A71: E1RBMA-100 | B71: Rasqueadeira Reta c/ Bolinha Média Azul Propetz | C71: 0 | D71: C71
A72: E1CGA-200 | B72: Rasqueadeira Clássica Reta Grande Azul Propetz | C72: 0 | D72: C72
A73: E1CMA-200 | B73: Rasqueadeira Clássica Reta Média Azul Propetz | C73: 0 | D73: C73
A74: E1FPGA-100 | B74: Rasqueadeira Flexível Pinos Longos Macio Azul Propetz | C74: #REF! | D74: C74
A75: E1CPA-200 | B75: Rasqueadeira Clássica Reta Micro Azul Propetz | C75: 19.9 | D75: C75
A76: E1AL-GPA-100 | B76: Rasqueadeira Autolimpante Grande Pop Propetz | C76: 22.9 | D76: C76
A77: F119A50-100 | B77: Pente 19cm Duplo Alumínio Azul Propetz | C77: 49.032 | D77: C77
A78: F125A50-100 | B78: Pente 25cm Duplo Alumínio Azul Propetz | C78: 47.476 | D78: C78
A79: F130A50-100 | B79: Pente 30cm Duplo Alumínio Azul Propetz | C79: 51.9265 | D79: C79
A80: F119-S50P-100 | B80: Pente 19cm Duplo Aço Cromado Pop Propetz | C80: 19.912 | D80: C80
A81: F119-AKA-100 | B81: Pente 19cm akemi aluminio Propetz | C81: 29.9 | D81: C81
A82: F125-AKA-100 | B82: Pente 23cm akemi aluminio Propetz | C82: 29.9 | D82: C82
A83: F119-AKI-100 | B83: Pente 19cm akemi Aço inox Propetz | C83: 53.9 | D83: C83
A84: F125-AKI-100 | B84: Pente 23cm akemi Aço inox Propetz | C84: 36.9 | D84: C84
A85: H120DA-100 | B85: Rake Subpelo 20 Dentes Pelos Curtos Azul Propetz | C85: 34.209 | D85: C85
A86: H113DA-100 | B86: Rake Subpelo 13 Dentes Pelos Curtos Azul Propetz | C86: 33.59685 | D86: C86
A87: B19LA-200 | B87: Desembolador Reto 09 Lâminas Azul Propetz | C87: 0 | D87: C87
A88: H1DMBA-100 | B88: Desembolador Matbreaker Azul Propetz | C88: falso | D88: C88
A89: B1DP12LA-200 | B89: Desembolador Reto 12 Lâminas Azul Propetz | C89: 0 | D89: C89
A90: A1GA-100 | B90: Alicate de Unhas Grande Azul Propetz | C90: falso | D90: C90
A91: A1PA-200 | B91: Alicate de Unhas Pequeno Azul Propetz | C91: 0 | D91: C91
A92: A2PA-200 | B92: Alicate de Unhas p/ Gato e Filhotes Pequeno Azul Propetz | C92: 0 | D92: C92
A93: L1R75A-100 | B93: Tesoura Reta 7,5" Azul Propetz | C93: falso | D93: C93
A94: L1C75A-100 | B94: Tesoura Curva 7,5" Azul Propetz | C94: falso | D94: C94
A95: L1T7A-100 | B95: Tesoura Semi-dentada/Tubarão 7" Azul Propetz | C95: 49.9 | D95: C95
A96: L1PP6A-100 | B96: Tesoura Ponta Protegida Reta 6" Azul Propetz | C96: falso | D96: C96
A97: M1TLA-200 | B97: Tira Laço Azul Propetz | C97: 0 | D97: C97
A98: M1TLP-100 | B98: Tira Laço POP Propetz | C98: falso | D98: C98
A99: L1PPMA-100 | B99: Pente p/ Topete Azul Propetz | C99: 12.9 | D99: C99
A100: L1PCPA-100 | B100: Pente Penteado de Metal c/ Cabo Azul Propetz | C100: falso | D100: C100
A101: G1PA-200 | B101: Pente de Pulgas c/ Cabo Azul Propetz | C101: 0 | D101: C101
A102: 4PR-70R-CP-100 | B102: Tesura Premium Reta 7'' 440c Chrome Propetz | C102: 0 | D102: C102
A103: 4PR-75R-CP-100 | B103: Tesoura Premium Reta 7,5'' 440c Chrome Propetz | C103: 0 | D103: C103
A104: 4PR-80R-CP-100 | B104: Tesoura Premium Reta 8'' 440c Chrome Premium Propetz | C104: 209.35709 | D104: C104
A105: 4PR-85R-CP-100 | B105: Tesoura Premium Reta 8,5'' 440c Chrome Propetz | C105: 228.5185 | D105: C105
A106: 4PR-70C-CP-100 | B106: Tesoura Premium Curva 7'' 440c Chrome Propetz | C106: 0 | D106: C106
A107: 4PR-75C-CP-100 | B107: Tesoura Premium Curva 7,5'' 440c Chrome Propetz | C107: 0 | D107: C107
A108: 4PR-80C-CP-100 | B108: Tesoura Premium Curva 8'' 440c Chrome Propetz | C108: 237.5887 | D108: C108
A109: 4PR-85C-CP-100 | B109: Tesoura Premium Curva 8,5'' 440c Chrome Propetz | C109: 255.44935 | D109: C109
A110: 4PR-70T-CP-100 | B110: Tesoura Premium Tubarão 7'' 440c Chrome Propetz | C110: 0 | D110: C110
A111: 4PR-75T-CP-100 | B111: Tesoura Premium Tubarão 7,5'' 440c Chrome Propetz | C111: 0 | D111: C111
A112: 4PR-70SD-CP-100 | B112: Tesoura Premium Semi-Dentada 7'' 440c Chrome Propetz | C112: 0 | D112: C112
... A124: MP3-CF1X-100 | B124: Maquina Modelo A5 com fio PLUMA | C124: 0 | D124: C124
A125: MP4-SF2P-100 | B125: Máquina Modelo A5 sem fio VOLARE | C125: falso | D125: C125
A126: 5PR-75TU-TSP-100 | B126: Tesoura Super Premium Tubarão Ultra 7,5'' 440c Titanium Propetz | C126: 0 | D126: C126
A127: 4PR-75TU-CP-100 | B127: Tesoura Premium Tubarão Ultra 7,5'' 440c Chrome Propetz | C127: 0 | D127: C127
A128: GNPPR45-100 | B128: Guia propetz 45cm Preta | C128: 0 | D128: C128
A129: GNPAZ45-100 | B129: Guia propetz 45cm Azul | C129: 0 | D129: C129
A130: GNPRO45-100 | B130: Guia propetz 45cm Rosa | C130: 0 | D130: C130
A131: GNPPR60-100 | B131: Guia propetz 60cm Preta | C131: 0 | D131: C131
A132: GNPAZ60-100 | B132: Guia propetz 60cm Azul | C132: 0 | D132: C132
A133: GNPRO60-100 | B133: Guia propetz 60cm Pink | C133: 0 | D133: C133
A134: L3P-CS830-200 | B134: Lamina Pro7 Standard (8-30) Aço Inox (stainless stell) | C134: 0 | D134: C134
A135: L3X-PS830-100 | B135: Lamina Pro7 Standard PPS plástic (Plastico PPs quase tao forte quanto aço) | C135: falso | D135: C135
A136: L3P-CF940-100 | B136: Lamina Pro7 Fine (9-40) Aço inox | C136: falso | D136: C136
A137: L3X-PS940-100 | B137: Lamina Pro7 Fine PPS plástic | C137: 99.9 | D137: C137
A138: L3P-CC045-100 | B138: Lamina Pro7 45mm Staniless Stell | C138: 99.9 | D138: C138
...

Sheet Planilha4
B1: 8808-600-000 | D1: 1CPP-PR-100
B2: MP5-510P-100 | D2: 1CRP-PR-100
B3: MP2-520X-100 | D3: 2CRP-PR-100
B4: L2APROXS-100 | D4: 3PR-7SDP-100
B5: L2APROXUS-100 | D5: 3PR-7TP-100
B6: L2AP630XB-200 | D6: 4PR-70C-CP-100
B7: L2AP630SS-200 | D7: 4PR-70R-CP-100
B8: L2AP67F-100 | D8: 4PR-70SDC-CP-100
B9: L2AP65F-100 | D9: 4PR-70SD-CP-100
B10: L2AP64F-100 | D10: 4PR-70TC-CP-100
B11: L2AP63F-100 | D11: 4PR-70T-CP-100
B12: MP1-320X-100 | D12: 4PR-75CC-CP-100
... B195: E1MCA-200 | D195: TENSION1

Sheet CONTROLE DE REVISOES
A1: REVISAO | B1: DATA | C1: RESPONSAVEL | D1: MODIFICACOES
A2: REV 01/2024 | B2: 45603 | C2: FERNANDO DIAS | D2: Definido um controle de versao do documento para melhor rastreabilidade
D3: Ocultada o combo de preco a vista e a prazo pois para os resultados oriundos da pesquisa se torna redundante
D4: Espelhado o valor da coluna B da Planilha 2 para a coluna F da Planilha FOB
D5: Espelhado o valor da coluna C da Planilha 2 para a coluna C de Valor Sugerido eliminando o retrabalho
D6: Ajustadas algumas categorias de produtos entre as planilhas
D7: Criado o campo preco a vista e a prazo para calcular os valores finais apos selecao de quantidades
D8: Linha C216 na Planilha FOB criada para demonstrar a diferenca entre preco total a prazo e total a vista
D9: Ajustes na visualizacao
D10: Congelada a linha 14 na planilha FOB, mantendo o cabecalho no topo e movimentando apenas os produtos abaixo
D11: Descongelada a linha 14 na planilha FOB
D12: Corrigidos 3 produtos que perderam a referência do preço
D13: Alterada a ordem do quadro geral com os somatórios a vista e a prazo ficando igual ao rodapé
A14: REV 02/2024 | B14: 45604 | C14: FERNANDO DIAS | D14: Inclusa coluna K na planilha FOB, valores referentes a coluna C da Planilha 2
D15: Ajuste em referências que foram perdidas na formatação e exclusão de alguns produtos
A16: REV 03/2024 | B16: 45607 | C16: FERNANDO DIAS | D16: Criada nova coluna com o total de valor a vista para soma dos valores totais com as quantidades
B17: 45609 | C17: FERNANDO DIAS | D17: Revisados os calculos, formulas e totalizadores e testados os resultados
A18: REV 01/2025 | B18: 45664 | C18: FERNANDO DIAS | D18: Criada coluna com valor total sem ipi
